id,input_rows,phase_rows,block_rows,gates,max_depth,formats,modulus_bits,max_abs_loss_units,tight_power_two_exponent,status,producer_cpu_seconds,checker_cpu_seconds,delta_exp,max_abs_error
positive-rne-rne,32,32,34,2,2,2,5,16,0,checked,0.003973874000000044,0.003995566999999922,-4,1
negative-rne-rne,32,32,34,2,2,2,5,16,0,checked,0.0,0.007998954000000058,-4,1
finer-tail-rne-rne,32,32,34,2,2,3,5,12,0,checked,0.0,0.004001845999999976,-4,3/4
coarser-tail-rne-rne,32,32,36,2,2,3,5,12,0,checked,0.00400918699999997,0.0039899079999999865,-4,3/4
positive-rne-rup,32,32,34,2,2,2,5,16,0,checked,0.0,0.007999796000000003,-4,1
negative-rne-rup,32,32,34,2,2,2,5,16,0,checked,0.0,0.007999645000000055,-4,1
finer-tail-rne-rup,32,32,34,2,2,3,5,12,0,checked,0.0,0.0040009450000000335,-4,3/4
coarser-tail-rne-rup,32,16,18,2,2,3,4,12,0,checked,0.0,0.007999195000000014,-4,3/4
positive-rne-rdn,32,32,34,2,2,2,5,16,0,checked,0.0,0.004003046999999982,-4,1
negative-rne-rdn,32,32,34,2,2,2,5,16,0,checked,0.003999882999999982,0.003998210999999974,-4,1
finer-tail-rne-rdn,32,32,34,2,2,3,5,12,0,checked,0.0,0.008005754000000032,-4,3/4
coarser-tail-rne-rdn,32,16,18,2,2,3,4,12,0,checked,0.0,0.007995239999999959,-4,3/4
positive-rne-rtz,32,32,34,2,2,2,5,16,0,checked,0.0,0.004004349000000018,-4,1
negative-rne-rtz,32,32,34,2,2,2,5,16,0,checked,0.003996507999999954,0.003997720000000093,-4,1
finer-tail-rne-rtz,32,32,34,2,2,3,5,12,0,checked,0.0,0.007998663999999933,-4,3/4
coarser-tail-rne-rtz,32,16,18,2,2,3,4,12,0,checked,0.0,0.004000584000000029,-4,3/4
positive-rup-rne,32,32,34,2,2,2,5,23,1,checked,0.0,0.008000737000000036,-4,23/16
negative-rup-rne,32,32,34,2,2,2,5,23,1,checked,0.0,0.008000596999999998,-4,23/16
finer-tail-rup-rne,32,16,17,2,2,3,4,11,0,checked,0.0,0.003999652999999936,-4,11/16
coarser-tail-rup-rne,32,32,36,2,2,3,5,15,0,checked,0.0,0.007999485000000028,-4,15/16
positive-rup-rup,32,16,17,2,2,2,4,23,1,checked,0.0,0.007999855999999972,-4,23/16
negative-rup-rup,32,16,17,2,2,2,4,23,1,checked,0.0,0.004000573999999979,-4,23/16
finer-tail-rup-rup,32,16,17,2,2,3,4,19,1,checked,0.0,0.00799992599999999,-4,19/16
coarser-tail-rup-rup,32,16,18,2,2,3,4,15,0,checked,0.0,0.007999836000000093,-4,15/16
positive-rup-rdn,32,16,17,2,2,2,4,8,-1,checked,0.0,0.008000035999999988,-4,1/2
negative-rup-rdn,32,16,17,2,2,2,4,8,-1,checked,0.0,0.004001014999999941,-4,1/2
finer-tail-rup-rdn,32,16,17,2,2,3,4,11,0,checked,0.004008505000000051,0.0039902990000000305,-4,11/16
coarser-tail-rup-rdn,32,16,18,2,2,3,4,8,-1,checked,0.0,0.007999775999999903,-4,1/2
positive-rup-rtz,32,16,17,2,2,2,4,8,-1,checked,0.0,0.004000624000000008,-4,1/2
negative-rup-rtz,32,16,17,2,2,2,4,23,1,checked,0.0,0.008011243000000001,-4,23/16
finer-tail-rup-rtz,32,16,17,2,2,3,4,11,0,checked,0.0,0.007980256000000074,-4,11/16
coarser-tail-rup-rtz,32,16,18,2,2,3,4,8,-1,checked,0.0,0.004000123999999938,-4,1/2
positive-rdn-rne,32,32,34,2,2,2,5,23,1,checked,0.0,0.003998029999999986,-4,23/16
negative-rdn-rne,32,32,34,2,2,2,5,23,1,checked,0.0,0.00799831399999995,-4,23/16
finer-tail-rdn-rne,32,16,17,2,2,3,4,19,1,checked,0.0,0.008000767000000075,-4,19/16
coarser-tail-rdn-rne,32,32,36,2,2,3,5,15,0,checked,0.0,0.004002496999999994,-4,15/16
positive-rdn-rup,32,16,17,2,2,2,4,8,-1,checked,0.0,0.00799833399999994,-4,1/2
negative-rdn-rup,32,16,17,2,2,2,4,8,-1,checked,0.0,0.004000343000000073,-4,1/2
finer-tail-rdn-rup,32,16,17,2,2,3,4,11,0,checked,0.004001965999999912,0.003997340000000071,-4,11/16
coarser-tail-rdn-rup,32,16,18,2,2,3,4,8,-1,checked,0.0,0.00799982499999996,-4,1/2
positive-rdn-rdn,32,16,17,2,2,2,4,23,1,checked,0.0,0.004001476000000004,-4,23/16
negative-rdn-rdn,32,16,17,2,2,2,4,23,1,checked,0.0040075840000000085,0.0039918009999999615,-4,23/16
finer-tail-rdn-rdn,32,16,17,2,2,3,4,19,1,checked,0.0,0.007999736000000035,-4,19/16
coarser-tail-rdn-rdn,32,16,18,2,2,3,4,15,0,checked,0.0,0.004000753999999995,-4,15/16
positive-rdn-rtz,32,16,17,2,2,2,4,23,1,checked,0.0,0.007997461999999955,-4,23/16
negative-rdn-rtz,32,16,17,2,2,2,4,8,-1,checked,0.0,0.004002577000000063,-4,1/2
finer-tail-rdn-rtz,32,16,17,2,2,3,4,19,1,checked,0.004001145000000039,0.003997428999999997,-4,19/16
coarser-tail-rdn-rtz,32,16,18,2,2,3,4,15,0,checked,0.0,0.008000867999999994,-4,15/16
positive-rtz-rne,32,32,34,2,2,2,5,23,1,checked,0.0,0.004001173999999996,-4,23/16
negative-rtz-rne,32,32,34,2,2,2,5,23,1,checked,0.0,0.00799946600000001,-4,23/16
finer-tail-rtz-rne,32,16,17,2,2,3,4,19,1,checked,0.0,0.007997652999999993,-4,19/16
coarser-tail-rtz-rne,32,32,36,2,2,3,5,15,0,checked,0.0,0.004001804999999914,-4,15/16
positive-rtz-rup,32,16,17,2,2,2,4,8,-1,checked,0.0,0.007998214000000003,-4,1/2
negative-rtz-rup,32,16,17,2,2,2,4,23,1,checked,0.0,0.004002366000000035,-4,23/16
finer-tail-rtz-rup,32,16,17,2,2,3,4,11,0,checked,0.003999792999999974,0.004002496999999994,-4,11/16
coarser-tail-rtz-rup,32,16,18,2,2,3,4,8,-1,checked,0.0,0.007960807999999986,-4,1/2
positive-rtz-rdn,32,16,17,2,2,2,4,23,1,checked,0.0,0.004007764000000025,-4,23/16
negative-rtz-rdn,32,16,17,2,2,2,4,8,-1,checked,0.0,0.007995520000000034,-4,1/2
finer-tail-rtz-rdn,32,16,17,2,2,3,4,19,1,checked,0.0,0.00399839099999999,-4,19/16
coarser-tail-rtz-rdn,32,16,18,2,2,3,4,15,0,checked,0.004000493000000049,0.003997859999999909,-4,15/16
positive-rtz-rtz,32,16,17,2,2,2,4,23,1,checked,0.0,0.007999426000000032,-4,23/16
negative-rtz-rtz,32,16,17,2,2,2,4,23,1,checked,0.0,0.004002626999999981,-4,23/16
finer-tail-rtz-rtz,32,16,17,2,2,3,4,19,1,checked,0.004001103999999978,0.00399843100000008,-4,19/16
coarser-tail-rtz-rtz,32,16,18,2,2,3,4,15,0,checked,0.0,0.007998304000000012,-4,15/16
phase-loss-correlation,2,2,4,2,2,2,5,4,-2,checked,0.0,0.0,-4,1/4
box-rne-rne,4096,256,258,2,2,2,4,8,1,checked,0.004001825000000014,0.539977153,-2,2
box-rup-rdn,4096,64,65,2,2,2,3,4,0,checked,0.004001203999999925,0.5030614679999998,-2,1
split-subnormal-rne,16,16,38,3,3,4,5,5,-1,checked,0.0,0.007985294000000032,-4,5/16
split-subnormal-rup,16,16,38,3,3,4,5,7,-1,checked,0.0,0.003999663000000098,-4,7/16
split-subnormal-rdn,16,16,37,3,3,4,5,7,-1,checked,0.0,0.004001455000000043,-4,7/16
split-drain,16,16,32,2,2,2,5,8,-1,checked,0.0,0.004001194999999846,-4,1/2
correlated-inputs,16,16,17,2,2,2,6,16,0,checked,0.0,0.004001215000000169,-4,1
marginal-inputs,256,256,257,2,2,2,6,31,1,checked,0.003999663000000098,0.035993897999999636,-4,31/16
ordinary-drain,32,32,32,1,1,1,5,159,4,checked,0.0,0.00400448000000031,-4,159/16
witness-binary32-binary16,2,2,3,2,2,2,14,8192,-10,checked,0.0,0.0,-23,1/1024
witness-binary64-binary32,2,2,3,2,2,2,30,536870912,-23,checked,0.0,0.0,-52,1/8388608
witness-binary32-bfloat16,2,2,3,2,2,2,17,65536,-7,checked,0.0,0.004001455000000043,-23,1/128
witness-binary64-binary16,2,2,3,2,2,2,43,4398046511104,-10,checked,0.0,0.0,-52,1/1024
witness-toy8-toy4,2,2,3,2,2,2,5,16,-3,checked,0.0,0.0,-7,1/8
deep-split-positive-08,32,4,8,8,8,3,2,0,,checked,0.0,0.019996309999999795,-4,0
deep-split-negative-08,32,4,8,8,8,3,2,0,,checked,0.004000283999999965,0.019999724999999913,-4,0
deep-split-positive-16,32,4,16,16,16,3,2,1,-4,checked,0.0,0.040001302000000294,-4,1/16
deep-split-negative-16,32,4,16,16,16,3,2,1,-4,checked,0.0,0.0399859199999999,-4,1/16
deep-split-positive-24,32,4,24,24,24,3,2,0,,checked,0.0040013650000001455,0.05599868099999972,-4,0
deep-split-negative-24,32,4,24,24,24,3,2,0,,checked,0.004001315000000005,0.05999817300000032,-4,0
deep-split-positive-32,32,4,32,32,32,3,2,3,-2,checked,0.004001144999999706,0.07599822600000028,-4,3/16
deep-split-negative-32,32,4,32,32,32,3,2,3,-2,checked,0.00400647300000001,0.0799933209999999,-4,3/16
serial-positive-0,32,32,38,7,7,4,5,26,1,checked,0.0,0.016001935999999883,-4,13/8
serial-negative-0,32,32,38,7,7,4,5,10,0,checked,0.004006953000000202,0.015983737999999637,-4,5/8
serial-positive-1,32,32,38,7,7,4,5,18,1,checked,0.0,0.01599946100000027,-4,9/8
serial-negative-1,32,32,38,7,7,4,5,17,1,checked,0.0,0.016005059999999904,-4,17/16
serial-positive-2,32,32,38,7,7,4,5,17,1,checked,0.003997199000000062,0.015996526999999983,-4,17/16
serial-negative-2,32,32,38,7,7,4,5,13,0,checked,0.0,0.020001127000000007,-4,13/16
serial-positive-3,32,16,19,7,7,4,4,17,1,checked,0.0,0.01600037299999979,-4,17/16
serial-negative-3,32,16,19,7,7,4,4,17,1,checked,0.004004910000000361,0.01599340299999996,-4,17/16
balanced-positive-0,256,256,262,7,3,3,4,8,-1,checked,0.004147101000000042,0.09985626400000003,-4,1/2
balanced-negative-0,256,256,266,7,3,3,4,15,0,checked,0.004002386999999885,0.10399865800000008,-4,15/16
balanced-positive-1,256,256,266,7,3,3,4,8,-1,checked,0.004001093999999927,0.09595800199999971,-4,1/2
balanced-negative-1,256,256,262,7,3,3,4,8,-1,checked,0.004000204000000007,0.10398681000000032,-4,1/2
balanced-positive-2,256,256,261,7,3,3,5,8,-1,checked,0.00400465999999966,0.10400670000000023,-4,1/2
balanced-negative-2,256,256,266,7,3,3,5,8,-1,checked,0.003977679999999761,0.10400139200000025,-4,1/2
census-pos-ab-p33-rne-rne,8,8,10,2,2,2,4,8,-1,checked,0.0,0.0040049810000000186,-4,1/2
census-pos-ab-p33-rne-rup,8,8,10,2,2,2,4,2,-3,checked,0.0,0.0,-4,1/8
census-pos-ab-p33-rne-rdn,8,8,10,2,2,2,4,9,0,checked,0.0,0.00399787000000007,-4,9/16
census-pos-ab-p33-rne-rtz,8,8,10,2,2,2,4,9,0,checked,0.0,0.0,-4,9/16
census-pos-ab-p33-rup-rne,8,8,10,2,2,2,4,10,0,checked,0.0,0.004000634000000058,-4,5/8
census-pos-ab-p33-rup-rup,8,8,10,2,2,2,3,10,0,checked,0.0,0.0,-4,5/8
census-pos-ab-p33-rup-rdn,8,8,10,2,2,2,3,2,-3,checked,0.0,0.0039979799999998455,-4,1/8
census-pos-ab-p33-rup-rtz,8,8,10,2,2,2,3,2,-3,checked,0.0,0.0,-4,1/8
census-pos-ab-p33-rdn-rne,8,8,10,2,2,2,4,8,-1,checked,0.0,0.004002577000000063,-4,1/2
census-pos-ab-p33-rdn-rup,8,8,10,2,2,2,3,2,-3,checked,0.0,0.0,-4,1/8
census-pos-ab-p33-rdn-rdn,8,8,10,2,2,2,3,9,0,checked,0.0,0.003999883000000093,-4,9/16
census-pos-ab-p33-rdn-rtz,8,8,10,2,2,2,3,9,0,checked,0.0,0.0,-4,9/16
census-pos-ab-p33-rtz-rne,8,8,10,2,2,2,4,8,-1,checked,0.0,0.003998390000000018,-4,1/2
census-pos-ab-p33-rtz-rup,8,8,10,2,2,2,3,2,-3,checked,0.0,0.0,-4,1/8
census-pos-ab-p33-rtz-rdn,8,8,10,2,2,2,3,9,0,checked,0.0,0.003999421999999697,-4,9/16
census-pos-ab-p33-rtz-rtz,8,8,10,2,2,2,3,9,0,checked,0.0,0.0,-4,9/16
census-pos-ab-p34-rne-rne,8,8,10,2,2,3,4,5,-1,checked,0.0,0.0039968290000000906,-4,5/16
census-pos-ab-p34-rne-rup,8,8,10,2,2,3,4,4,-2,checked,0.0,0.0,-4,1/4
census-pos-ab-p34-rne-rdn,8,8,10,2,2,3,4,5,-1,checked,0.0,0.004013502999999918,-4,5/16
census-pos-ab-p34-rne-rtz,8,8,10,2,2,3,4,5,-1,checked,0.0,0.0,-4,5/16
census-pos-ab-p34-rup-rne,8,8,10,2,2,3,3,6,-1,checked,0.0,0.003989187000000172,-4,3/8
census-pos-ab-p34-rup-rup,8,8,10,2,2,3,3,9,0,checked,0.0,0.0,-4,9/16
census-pos-ab-p34-rup-rdn,8,8,10,2,2,3,3,6,-1,checked,0.0,0.00399986299999977,-4,3/8
census-pos-ab-p34-rup-rtz,8,8,10,2,2,3,3,6,-1,checked,0.0,0.0,-4,3/8
census-pos-ab-p34-rdn-rne,8,8,10,2,2,3,3,5,-1,checked,0.0,0.0039995420000003,-4,5/16
census-pos-ab-p34-rdn-rup,8,8,10,2,2,3,3,4,-2,checked,0.0,0.0,-4,1/4
census-pos-ab-p34-rdn-rdn,8,8,10,2,2,3,3,5,-1,checked,0.0,0.0,-4,5/16
census-pos-ab-p34-rdn-rtz,8,8,10,2,2,3,3,5,-1,checked,0.004000092999999705,0.0,-4,5/16
census-pos-ab-p34-rtz-rne,8,8,10,2,2,3,3,5,-1,checked,0.0,0.0,-4,5/16
census-pos-ab-p34-rtz-rup,8,8,10,2,2,3,3,4,-2,checked,0.004001616000000041,0.0,-4,1/4
census-pos-ab-p34-rtz-rdn,8,8,10,2,2,3,3,5,-1,checked,0.0,0.003997298999999899,-4,5/16
census-pos-ab-p34-rtz-rtz,8,8,10,2,2,3,3,5,-1,checked,0.0,0.0,-4,5/16
census-pos-ab-p35-rne-rne,8,8,10,2,2,3,4,5,-1,checked,0.0,0.004001625000000342,-4,5/16
census-pos-ab-p35-rne-rup,8,8,10,2,2,3,4,4,-2,checked,0.0,0.0,-4,1/4
census-pos-ab-p35-rne-rdn,8,8,10,2,2,3,4,5,-1,checked,0.0,0.00400098499999979,-4,5/16
census-pos-ab-p35-rne-rtz,8,8,10,2,2,3,4,5,-1,checked,0.0,0.0,-4,5/16
census-pos-ab-p35-rup-rne,8,8,10,2,2,3,3,6,-1,checked,0.0,0.003998100000000004,-4,3/8
census-pos-ab-p35-rup-rup,8,8,10,2,2,3,3,7,-1,checked,0.0,0.0,-4,7/16
census-pos-ab-p35-rup-rdn,8,8,10,2,2,3,3,6,-1,checked,0.0,0.0040013650000001455,-4,3/8
census-pos-ab-p35-rup-rtz,8,8,10,2,2,3,3,6,-1,checked,0.0,0.0,-4,3/8
census-pos-ab-p35-rdn-rne,8,8,10,2,2,3,3,5,-1,checked,0.0,0.004002456999999904,-4,5/16
census-pos-ab-p35-rdn-rup,8,8,10,2,2,3,3,4,-2,checked,0.0,0.0,-4,1/4
census-pos-ab-p35-rdn-rdn,8,8,10,2,2,3,3,5,-1,checked,0.0,0.003999521999999978,-4,5/16
census-pos-ab-p35-rdn-rtz,8,8,10,2,2,3,3,5,-1,checked,0.0,0.0,-4,5/16
census-pos-ab-p35-rtz-rne,8,8,10,2,2,3,3,5,-1,checked,0.0,0.0039970390000001466,-4,5/16
census-pos-ab-p35-rtz-rup,8,8,10,2,2,3,3,4,-2,checked,0.0,0.0,-4,1/4
census-pos-ab-p35-rtz-rdn,8,8,10,2,2,3,3,5,-1,checked,0.0,0.00400148499999986,-4,5/16
census-pos-ab-p35-rtz-rtz,8,8,10,2,2,3,3,5,-1,checked,0.0,0.0,-4,5/16
census-pos-ab-p43-rne-rne,8,8,12,2,2,3,4,6,-1,checked,0.0,0.003999552999999878,-4,3/8
census-pos-ab-p43-rne-rup,8,8,12,2,2,3,3,8,-1,checked,0.0,0.0,-4,1/2
census-pos-ab-p43-rne-rdn,8,8,12,2,2,3,3,7,-1,checked,0.0,0.004003117999999972,-4,7/16
census-pos-ab-p43-rne-rtz,8,8,12,2,2,3,3,7,-1,checked,0.0,0.0,-4,7/16
census-pos-ab-p43-rup-rne,8,8,10,2,2,3,4,2,-3,checked,0.0,0.0039978390000001696,-4,1/8
census-pos-ab-p43-rup-rup,8,8,10,2,2,3,3,9,0,checked,0.0,0.0,-4,9/16
census-pos-ab-p43-rup-rdn,8,8,10,2,2,3,3,2,-3,checked,0.0,0.003999091999999926,-4,1/8
census-pos-ab-p43-rup-rtz,8,8,10,2,2,3,3,2,-3,checked,0.0,0.0,-4,1/8
census-pos-ab-p43-rdn-rne,8,8,12,2,2,3,4,7,-1,checked,0.0,0.003998130000000266,-4,7/16
census-pos-ab-p43-rdn-rup,8,8,12,2,2,3,3,7,-1,checked,0.0,0.0,-4,7/16
census-pos-ab-p43-rdn-rdn,8,8,12,2,2,3,3,8,-1,checked,0.0,0.004000633999999614,-4,1/2
census-pos-ab-p43-rdn-rtz,8,8,12,2,2,3,3,8,-1,checked,0.0,0.0,-4,1/2
census-pos-ab-p43-rtz-rne,8,8,12,2,2,3,4,7,-1,checked,0.0,0.0039994830000003034,-4,7/16
census-pos-ab-p43-rtz-rup,8,8,12,2,2,3,3,7,-1,checked,0.0,0.0,-4,7/16
census-pos-ab-p43-rtz-rdn,8,8,12,2,2,3,3,8,-1,checked,0.0,0.003998991000000007,-4,1/2
census-pos-ab-p43-rtz-rtz,8,8,12,2,2,3,3,8,-1,checked,0.0,0.0,-4,1/2
census-pos-ab-p44-rne-rne,8,8,12,2,2,2,3,3,-2,checked,0.0,0.0,-4,3/16
census-pos-ab-p44-rne-rup,8,8,12,2,2,2,3,4,-2,checked,0.004002777999999818,0.0,-4,1/4
census-pos-ab-p44-rne-rdn,8,8,12,2,2,2,3,3,-2,checked,0.0,0.004463488999999932,-4,3/16
census-pos-ab-p44-rne-rtz,8,8,12,2,2,2,3,3,-2,checked,0.0,0.0,-4,3/16
census-pos-ab-p44-rup-rne,8,8,10,2,2,2,3,2,-3,checked,0.0,0.0035462509999999448,-4,1/8
census-pos-ab-p44-rup-rup,8,8,10,2,2,2,2,5,-1,checked,0.0,0.003989728000000081,-4,5/16
census-pos-ab-p44-rup-rdn,8,8,10,2,2,2,2,2,-3,checked,0.0,0.0,-4,1/8
census-pos-ab-p44-rup-rtz,8,8,10,2,2,2,2,2,-3,checked,0.0,0.0,-4,1/8
census-pos-ab-p44-rdn-rne,8,8,12,2,2,2,3,4,-2,checked,0.004001836000000036,0.0,-4,1/4
census-pos-ab-p44-rdn-rup,8,8,10,2,2,2,2,3,-2,checked,0.0,0.0,-4,3/16
census-pos-ab-p44-rdn-rdn,8,8,10,2,2,2,2,4,-2,checked,0.0,0.00400164500000022,-4,1/4
census-pos-ab-p44-rdn-rtz,8,8,10,2,2,2,2,4,-2,checked,0.0,0.0,-4,1/4
census-pos-ab-p44-rtz-rne,8,8,12,2,2,2,3,4,-2,checked,0.0,0.003999121999999744,-4,1/4
census-pos-ab-p44-rtz-rup,8,8,10,2,2,2,2,3,-2,checked,0.0,0.0,-4,3/16
census-pos-ab-p44-rtz-rdn,8,8,10,2,2,2,2,4,-2,checked,0.0,0.00399944200000002,-4,1/4
census-pos-ab-p44-rtz-rtz,8,8,10,2,2,2,2,4,-2,checked,0.0,0.0,-4,1/4
census-pos-ab-p45-rne-rne,8,8,12,2,2,3,3,3,-2,checked,0.0,0.003998480999999998,-4,3/16
census-pos-ab-p45-rne-rup,8,8,12,2,2,3,3,2,-3,checked,0.0,0.0,-4,1/8
census-pos-ab-p45-rne-rdn,8,8,12,2,2,3,3,3,-2,checked,0.0,0.004003098000000094,-4,3/16
census-pos-ab-p45-rne-rtz,8,8,12,2,2,3,3,3,-2,checked,0.0,0.0,-4,3/16
census-pos-ab-p45-rup-rne,8,8,10,2,2,3,2,2,-3,checked,0.0039994320000000805,0.0,-4,1/8
census-pos-ab-p45-rup-rup,8,8,10,2,2,3,2,3,-2,checked,0.0,0.0,-4,3/16
census-pos-ab-p45-rup-rdn,8,8,10,2,2,3,2,2,-3,checked,0.003999051999999725,0.0,-4,1/8
census-pos-ab-p45-rup-rtz,8,8,10,2,2,3,2,2,-3,checked,0.0,0.003998120000000327,-4,1/8
census-pos-ab-p45-rdn-rne,8,8,10,2,2,3,2,4,-2,checked,0.0,0.0,-4,1/4
census-pos-ab-p45-rdn-rup,8,8,10,2,2,3,2,3,-2,checked,0.0,0.0039992220000000245,-4,3/16
census-pos-ab-p45-rdn-rdn,8,8,10,2,2,3,2,4,-2,checked,0.0,0.0,-4,1/4
census-pos-ab-p45-rdn-rtz,8,8,10,2,2,3,2,4,-2,checked,0.0,0.0040030479999999535,-4,1/4
census-pos-ab-p45-rtz-rne,8,8,10,2,2,3,2,4,-2,checked,0.0,0.0,-4,1/4
census-pos-ab-p45-rtz-rup,8,8,10,2,2,3,2,3,-2,checked,0.0,0.0,-4,3/16
census-pos-ab-p45-rtz-rdn,8,8,10,2,2,3,2,4,-2,checked,0.0040003330000000226,0.0,-4,1/4
census-pos-ab-p45-rtz-rtz,8,8,10,2,2,3,2,4,-2,checked,0.0,0.0,-4,1/4
census-pos-ab-p53-rne-rne,8,8,12,2,2,3,4,2,-3,checked,0.003999531999999917,0.0,-4,1/8
census-pos-ab-p53-rne-rup,8,8,12,2,2,3,3,8,-1,checked,0.0,0.003998420999999919,-4,1/2
census-pos-ab-p53-rne-rdn,8,8,12,2,2,3,3,7,-1,checked,0.0,0.0,-4,7/16
census-pos-ab-p53-rne-rtz,8,8,12,2,2,3,3,7,-1,checked,0.0,0.0,-4,7/16
census-pos-ab-p53-rup-rne,8,8,12,2,2,3,4,2,-3,checked,0.0,0.0,-4,1/8
census-pos-ab-p53-rup-rup,8,8,12,2,2,3,3,8,-1,checked,0.0,0.0,-4,1/2
census-pos-ab-p53-rup-rdn,8,8,12,2,2,3,3,7,-1,checked,0.004002096999999871,0.0,-4,7/16
census-pos-ab-p53-rup-rtz,8,8,12,2,2,3,3,7,-1,checked,0.0,0.0,-4,7/16
census-pos-ab-p53-rdn-rne,8,8,12,2,2,3,4,2,-3,checked,0.0,0.004000512999999817,-4,1/8
census-pos-ab-p53-rdn-rup,8,8,12,2,2,3,3,7,-1,checked,0.0,0.0,-4,7/16
census-pos-ab-p53-rdn-rdn,8,8,12,2,2,3,3,8,-1,checked,0.0,0.003999563000000261,-4,1/2
census-pos-ab-p53-rdn-rtz,8,8,12,2,2,3,3,8,-1,checked,0.0,0.0,-4,1/2
census-pos-ab-p53-rtz-rne,8,8,12,2,2,3,4,2,-3,checked,0.0,0.00399831000000006,-4,1/8
census-pos-ab-p53-rtz-rup,8,8,12,2,2,3,3,7,-1,checked,0.0,0.0,-4,7/16
census-pos-ab-p53-rtz-rdn,8,8,12,2,2,3,3,8,-1,checked,0.0,0.004000223999999886,-4,1/2
census-pos-ab-p53-rtz-rtz,8,8,12,2,2,3,3,8,-1,checked,0.0,0.0,-4,1/2
census-pos-ab-p54-rne-rne,8,8,12,2,2,3,3,2,-3,checked,0.0,0.003999702999999855,-4,1/8
census-pos-ab-p54-rne-rup,8,8,12,2,2,3,2,4,-2,checked,0.0,0.0,-4,1/4
census-pos-ab-p54-rne-rdn,8,8,12,2,2,3,2,3,-2,checked,0.0,0.0039996420000001365,-4,3/16
census-pos-ab-p54-rne-rtz,8,8,12,2,2,3,2,3,-2,checked,0.0,0.0,-4,3/16
census-pos-ab-p54-rup-rne,8,8,12,2,2,3,3,2,-3,checked,0.0,0.0040002430000001254,-4,1/8
census-pos-ab-p54-rup-rup,8,8,12,2,2,3,2,4,-2,checked,0.0,0.0,-4,1/4
census-pos-ab-p54-rup-rdn,8,8,12,2,2,3,2,3,-2,checked,0.0,0.004002406999999764,-4,3/16
census-pos-ab-p54-rup-rtz,8,8,12,2,2,3,2,3,-2,checked,0.0,0.0,-4,3/16
census-pos-ab-p54-rdn-rne,8,8,12,2,2,3,3,2,-3,checked,0.0,0.004004951000000201,-4,1/8
census-pos-ab-p54-rdn-rup,8,8,12,2,2,3,2,3,-2,checked,0.0,0.0,-4,3/16
census-pos-ab-p54-rdn-rdn,8,8,12,2,2,3,2,4,-2,checked,0.0,0.003992470999999664,-4,1/4
census-pos-ab-p54-rdn-rtz,8,8,12,2,2,3,2,4,-2,checked,0.0,0.0,-4,1/4
census-pos-ab-p54-rtz-rne,8,8,12,2,2,3,3,2,-3,checked,0.0,0.004000234000000269,-4,1/8
census-pos-ab-p54-rtz-rup,8,8,12,2,2,3,2,3,-2,checked,0.0,0.0,-4,3/16
census-pos-ab-p54-rtz-rdn,8,8,12,2,2,3,2,4,-2,checked,0.0,0.003999341999999739,-4,1/4
census-pos-ab-p54-rtz-rtz,8,8,12,2,2,3,2,4,-2,checked,0.0,0.0,-4,1/4
census-pos-ab-p55-rne-rne,8,8,12,2,2,2,2,1,-4,checked,0.0,0.0,-4,1/16
census-pos-ab-p55-rne-rup,8,8,12,2,2,2,2,2,-3,checked,0.004001464999999982,0.0,-4,1/8
census-pos-ab-p55-rne-rdn,8,8,12,2,2,2,2,1,-4,checked,0.0,0.0,-4,1/16
census-pos-ab-p55-rne-rtz,8,8,12,2,2,2,2,1,-4,checked,0.0,0.004001516000000205,-4,1/16
census-pos-ab-p55-rup-rne,8,8,12,2,2,2,2,1,-4,checked,0.0,0.0,-4,1/16
census-pos-ab-p55-rup-rup,8,8,10,2,2,2,1,2,-3,checked,0.0,0.003998700999999993,-4,1/8
census-pos-ab-p55-rup-rdn,8,8,10,2,2,2,1,1,-4,checked,0.0,0.0,-4,1/16
census-pos-ab-p55-rup-rtz,8,8,10,2,2,2,1,1,-4,checked,0.0,0.004005170000000113,-4,1/16
census-pos-ab-p55-rdn-rne,8,8,12,2,2,2,2,1,-4,checked,0.0,0.0,-4,1/16
census-pos-ab-p55-rdn-rup,8,8,10,2,2,2,1,1,-4,checked,0.0,0.003997619999999813,-4,1/16
census-pos-ab-p55-rdn-rdn,8,8,10,2,2,2,1,2,-3,checked,0.0,0.0,-4,1/8
census-pos-ab-p55-rdn-rtz,8,8,10,2,2,2,1,2,-3,checked,0.0,0.003999311999999922,-4,1/8
census-pos-ab-p55-rtz-rne,8,8,12,2,2,2,2,1,-4,checked,0.0,0.0,-4,1/16
census-pos-ab-p55-rtz-rup,8,8,10,2,2,2,1,1,-4,checked,0.0,0.004005141000000378,-4,1/16
census-pos-ab-p55-rtz-rdn,8,8,10,2,2,2,1,2,-3,checked,0.0,0.0,-4,1/8
census-pos-ab-p55-rtz-rtz,8,8,10,2,2,2,1,2,-3,checked,0.0,0.00399224099999973,-4,1/8
census-pos-ac-p33-rne-rne,8,8,12,2,2,2,4,7,-1,checked,0.0,0.0,-4,7/16
census-pos-ac-p33-rne-rup,8,8,12,2,2,2,4,9,0,checked,0.0,0.0040024870000001656,-4,9/16
census-pos-ac-p33-rne-rdn,8,8,12,2,2,2,4,7,-1,checked,0.0,0.0,-4,7/16
census-pos-ac-p33-rne-rtz,8,8,12,2,2,2,4,7,-1,checked,0.0,0.003997238999999819,-4,7/16
census-pos-ac-p33-rup-rne,8,8,10,2,2,2,4,2,-3,checked,0.0,0.0,-4,1/8
census-pos-ac-p33-rup-rup,8,8,10,2,2,2,3,10,0,checked,0.0,0.004002206000000008,-4,5/8
census-pos-ac-p33-rup-rdn,8,8,10,2,2,2,3,2,-3,checked,0.0,0.0,-4,1/8
census-pos-ac-p33-rup-rtz,8,8,10,2,2,2,3,2,-3,checked,0.0,0.003999733000000116,-4,1/8
census-pos-ac-p33-rdn-rne,8,8,10,2,2,2,4,9,0,checked,0.0,0.0,-4,9/16
census-pos-ac-p33-rdn-rup,8,8,10,2,2,2,3,2,-3,checked,0.0,0.0039979799999998455,-4,1/8
census-pos-ac-p33-rdn-rdn,8,8,10,2,2,2,3,9,0,checked,0.0,0.0,-4,9/16
census-pos-ac-p33-rdn-rtz,8,8,10,2,2,2,3,9,0,checked,0.0,0.0040087060000000285,-4,9/16
census-pos-ac-p33-rtz-rne,8,8,10,2,2,2,4,9,0,checked,0.0,0.0,-4,9/16
census-pos-ac-p33-rtz-rup,8,8,10,2,2,2,3,2,-3,checked,0.0,0.003991651000000207,-4,1/8
census-pos-ac-p33-rtz-rdn,8,8,10,2,2,2,3,9,0,checked,0.0,0.0,-4,9/16
census-pos-ac-p33-rtz-rtz,8,8,10,2,2,2,3,9,0,checked,0.0,0.003998039999999925,-4,9/16
census-pos-ac-p34-rne-rne,8,8,12,2,2,3,4,6,-1,checked,0.0,0.0,-4,3/8
census-pos-ac-p34-rne-rup,8,8,12,2,2,3,4,5,-1,checked,0.0,0.004001554999999879,-4,5/16
census-pos-ac-p34-rne-rdn,8,8,12,2,2,3,4,7,-1,checked,0.0,0.0,-4,7/16
census-pos-ac-p34-rne-rtz,8,8,12,2,2,3,4,7,-1,checked,0.0,0.004252747999999862,-4,7/16
census-pos-ac-p34-rup-rne,8,8,10,2,2,3,3,5,-1,checked,0.0,0.0,-4,5/16
census-pos-ac-p34-rup-rup,8,8,10,2,2,3,3,6,-1,checked,0.0,0.003750533000000278,-4,3/8
census-pos-ac-p34-rup-rdn,8,8,10,2,2,3,3,2,-3,checked,0.0,0.0,-4,1/8
census-pos-ac-p34-rup-rtz,8,8,10,2,2,3,3,2,-3,checked,0.0,0.003995246000000119,-4,1/8
census-pos-ac-p34-rdn-rne,8,8,10,2,2,3,3,8,-1,checked,0.0,0.0,-4,1/2
census-pos-ac-p34-rdn-rup,8,8,10,2,2,3,3,5,-1,checked,0.004003528999999784,0.0,-4,5/16
census-pos-ac-p34-rdn-rdn,8,8,10,2,2,3,3,9,0,checked,0.0,0.00400305699999981,-4,9/16
census-pos-ac-p34-rdn-rtz,8,8,10,2,2,3,3,9,0,checked,0.0,0.0,-4,9/16
census-pos-ac-p34-rtz-rne,8,8,10,2,2,3,3,8,-1,checked,0.0,0.0,-4,1/2
census-pos-ac-p34-rtz-rup,8,8,10,2,2,3,3,5,-1,checked,0.003995947000000388,0.0,-4,5/16
census-pos-ac-p34-rtz-rdn,8,8,10,2,2,3,3,9,0,checked,0.0,0.0,-4,9/16
census-pos-ac-p34-rtz-rtz,8,8,10,2,2,3,3,9,0,checked,0.004000744999999917,0.0,-4,9/16
census-pos-ac-p35-rne-rne,8,8,12,2,2,3,4,4,-2,checked,0.0,0.0,-4,1/4
census-pos-ac-p35-rne-rup,8,8,12,2,2,3,4,4,-2,checked,0.004001784999999813,0.0,-4,1/4
census-pos-ac-p35-rne-rdn,8,8,12,2,2,3,4,5,-1,checked,0.0,0.0,-4,5/16
census-pos-ac-p35-rne-rtz,8,8,12,2,2,3,4,5,-1,checked,0.0,0.003999603000000018,-4,5/16
census-pos-ac-p35-rup-rne,8,8,10,2,2,3,3,5,-1,checked,0.0,0.0,-4,5/16
census-pos-ac-p35-rup-rup,8,8,10,2,2,3,3,5,-1,checked,0.0,0.003999122000000188,-4,5/16
census-pos-ac-p35-rup-rdn,8,8,10,2,2,3,3,4,-2,checked,0.0,0.0,-4,1/4
census-pos-ac-p35-rup-rtz,8,8,10,2,2,3,3,4,-2,checked,0.0,0.0039981899999999015,-4,1/4
census-pos-ac-p35-rdn-rne,8,8,10,2,2,3,3,6,-1,checked,0.0,0.0,-4,3/8
census-pos-ac-p35-rdn-rup,8,8,10,2,2,3,3,6,-1,checked,0.0,0.0040005540000001005,-4,3/8
census-pos-ac-p35-rdn-rdn,8,8,10,2,2,3,3,7,-1,checked,0.0,0.0,-4,7/16
census-pos-ac-p35-rdn-rtz,8,8,10,2,2,3,3,7,-1,checked,0.0,0.004000573999999979,-4,7/16
census-pos-ac-p35-rtz-rne,8,8,10,2,2,3,3,6,-1,checked,0.0,0.0,-4,3/8
census-pos-ac-p35-rtz-rup,8,8,10,2,2,3,3,6,-1,checked,0.0,0.003998069999999743,-4,3/8
census-pos-ac-p35-rtz-rdn,8,8,10,2,2,3,3,7,-1,checked,0.0,0.0,-4,7/16
census-pos-ac-p35-rtz-rtz,8,8,10,2,2,3,3,7,-1,checked,0.0,0.004000924000000072,-4,7/16
census-pos-ac-p43-rne-rne,8,8,12,2,2,3,4,2,-3,checked,0.0,0.0,-4,1/8
census-pos-ac-p43-rne-rup,8,8,12,2,2,3,3,8,-1,checked,0.0,0.003998661999999875,-4,1/2
census-pos-ac-p43-rne-rdn,8,8,12,2,2,3,3,8,-1,checked,0.0,0.0,-4,1/2
census-pos-ac-p43-rne-rtz,8,8,12,2,2,3,3,8,-1,checked,0.0,0.003999923000000294,-4,1/2
census-pos-ac-p43-rup-rne,8,8,12,2,2,3,4,2,-3,checked,0.0,0.0,-4,1/8
census-pos-ac-p43-rup-rup,8,8,12,2,2,3,3,9,0,checked,0.0,0.0,-4,9/16
census-pos-ac-p43-rup-rdn,8,8,12,2,2,3,3,7,-1,checked,0.00400148499999986,0.0,-4,7/16
census-pos-ac-p43-rup-rtz,8,8,12,2,2,3,3,7,-1,checked,0.0,0.003999152000000006,-4,7/16
census-pos-ac-p43-rdn-rne,8,8,10,2,2,3,4,2,-3,checked,0.0,0.0,-4,1/8
census-pos-ac-p43-rdn-rup,8,8,10,2,2,3,3,2,-3,checked,0.0,0.003998891000000171,-4,1/8
census-pos-ac-p43-rdn-rdn,8,8,10,2,2,3,3,9,0,checked,0.0,0.0,-4,9/16
census-pos-ac-p43-rdn-rtz,8,8,10,2,2,3,3,9,0,checked,0.0,0.004000634000000058,-4,9/16
census-pos-ac-p43-rtz-rne,8,8,10,2,2,3,4,2,-3,checked,0.0,0.0,-4,1/8
census-pos-ac-p43-rtz-rup,8,8,10,2,2,3,3,2,-3,checked,0.0,0.0040007639999997124,-4,1/8
census-pos-ac-p43-rtz-rdn,8,8,10,2,2,3,3,9,0,checked,0.0,0.0,-4,9/16
census-pos-ac-p43-rtz-rtz,8,8,10,2,2,3,3,9,0,checked,0.0,0.0,-4,9/16
census-pos-ac-p44-rne-rne,8,8,12,2,2,2,3,3,-2,checked,0.004002547000000245,0.0,-4,3/16
census-pos-ac-p44-rne-rup,8,8,12,2,2,2,3,4,-2,checked,0.0,0.0,-4,1/4
census-pos-ac-p44-rne-rdn,8,8,12,2,2,2,3,4,-2,checked,0.0,0.0040022369999999086,-4,1/4
census-pos-ac-p44-rne-rtz,8,8,12,2,2,2,3,4,-2,checked,0.0,0.0,-4,1/4
census-pos-ac-p44-rup-rne,8,8,12,2,2,2,3,4,-2,checked,0.0,0.003998520000000116,-4,1/4
census-pos-ac-p44-rup-rup,8,8,10,2,2,2,2,5,-1,checked,0.0,0.0,-4,5/16
census-pos-ac-p44-rup-rdn,8,8,10,2,2,2,2,3,-2,checked,0.0,0.003999211999999641,-4,3/16
census-pos-ac-p44-rup-rtz,8,8,10,2,2,2,2,3,-2,checked,0.0,0.0,-4,3/16
census-pos-ac-p44-rdn-rne,8,8,10,2,2,2,3,2,-3,checked,0.0,0.003998480999999998,-4,1/8
census-pos-ac-p44-rdn-rup,8,8,10,2,2,2,2,2,-3,checked,0.0,0.0,-4,1/8
census-pos-ac-p44-rdn-rdn,8,8,10,2,2,2,2,5,-1,checked,0.0,0.00399738900000024,-4,5/16
census-pos-ac-p44-rdn-rtz,8,8,10,2,2,2,2,5,-1,checked,0.0,0.0,-4,5/16
census-pos-ac-p44-rtz-rne,8,8,10,2,2,2,3,2,-3,checked,0.0,0.0040069539999998405,-4,1/8
census-pos-ac-p44-rtz-rup,8,8,10,2,2,2,2,2,-3,checked,0.0,0.004002065999999971,-4,1/8
census-pos-ac-p44-rtz-rdn,8,8,10,2,2,2,2,5,-1,checked,0.0,0.0,-4,5/16
census-pos-ac-p44-rtz-rtz,8,8,10,2,2,2,2,5,-1,checked,0.0,0.003992882000000364,-4,5/16
census-pos-ac-p45-rne-rne,8,8,12,2,2,3,3,3,-2,checked,0.0,0.0,-4,3/16
census-pos-ac-p45-rne-rup,8,8,12,2,2,3,3,3,-2,checked,0.0,0.003999652999999714,-4,3/16
census-pos-ac-p45-rne-rdn,8,8,12,2,2,3,3,2,-3,checked,0.0,0.0,-4,1/8
census-pos-ac-p45-rne-rtz,8,8,12,2,2,3,3,2,-3,checked,0.0,0.00399963300000028,-4,1/8
census-pos-ac-p45-rup-rne,8,8,10,2,2,3,2,4,-2,checked,0.0,0.0,-4,1/4
census-pos-ac-p45-rup-rup,8,8,10,2,2,3,2,4,-2,checked,0.0,0.004000222999999803,-4,1/4
census-pos-ac-p45-rup-rdn,8,8,10,2,2,3,2,3,-2,checked,0.0,0.0,-4,3/16
census-pos-ac-p45-rup-rtz,8,8,10,2,2,3,2,3,-2,checked,0.0,0.003998510999999816,-4,3/16
census-pos-ac-p45-rdn-rne,8,8,10,2,2,3,2,2,-3,checked,0.0,0.0,-4,1/8
census-pos-ac-p45-rdn-rup,8,8,10,2,2,3,2,2,-3,checked,0.0,0.00400223600000027,-4,1/8
census-pos-ac-p45-rdn-rdn,8,8,10,2,2,3,2,3,-2,checked,0.0,0.0,-4,3/16
census-pos-ac-p45-rdn-rtz,8,8,10,2,2,3,2,3,-2,checked,0.0,0.00400045399999982,-4,3/16
census-pos-ac-p45-rtz-rne,8,8,10,2,2,3,2,2,-3,checked,0.0,0.0,-4,1/8
census-pos-ac-p45-rtz-rup,8,8,10,2,2,3,2,2,-3,checked,0.0,0.0039994320000000805,-4,1/8
census-pos-ac-p45-rtz-rdn,8,8,10,2,2,3,2,3,-2,checked,0.0,0.0,-4,3/16
census-pos-ac-p45-rtz-rtz,8,8,10,2,2,3,2,3,-2,checked,0.0,0.0039996129999999575,-4,3/16
census-pos-ac-p53-rne-rne,8,8,12,2,2,3,4,2,-3,checked,0.0,0.0,-4,1/8
census-pos-ac-p53-rne-rup,8,8,12,2,2,3,3,7,-1,checked,0.0,0.003999362000000062,-4,7/16
census-pos-ac-p53-rne-rdn,8,8,12,2,2,3,3,8,-1,checked,0.0,0.0,-4,1/2
census-pos-ac-p53-rne-rtz,8,8,12,2,2,3,3,8,-1,checked,0.0,0.004000684000000199,-4,1/2
census-pos-ac-p53-rup-rne,8,8,12,2,2,3,4,2,-3,checked,0.0,0.0,-4,1/8
census-pos-ac-p53-rup-rup,8,8,12,2,2,3,3,8,-1,checked,0.0,0.003998780999999951,-4,1/2
census-pos-ac-p53-rup-rdn,8,8,12,2,2,3,3,7,-1,checked,0.0,0.0,-4,7/16
census-pos-ac-p53-rup-rtz,8,8,12,2,2,3,3,7,-1,checked,0.0,0.004000433999999942,-4,7/16
census-pos-ac-p53-rdn-rne,8,8,12,2,2,3,4,2,-3,checked,0.0,0.0,-4,1/8
census-pos-ac-p53-rdn-rup,8,8,12,2,2,3,3,7,-1,checked,0.0,0.004001244999999987,-4,7/16
census-pos-ac-p53-rdn-rdn,8,8,12,2,2,3,3,8,-1,checked,0.0,0.0,-4,1/2
census-pos-ac-p53-rdn-rtz,8,8,12,2,2,3,3,8,-1,checked,0.0,0.00399890100000011,-4,1/2
census-pos-ac-p53-rtz-rne,8,8,12,2,2,3,4,2,-3,checked,0.0,0.0,-4,1/8
census-pos-ac-p53-rtz-rup,8,8,12,2,2,3,3,7,-1,checked,0.0,0.004007965000000002,-4,7/16
census-pos-ac-p53-rtz-rdn,8,8,12,2,2,3,3,8,-1,checked,0.0,0.0,-4,1/2
census-pos-ac-p53-rtz-rtz,8,8,12,2,2,3,3,8,-1,checked,0.0,0.003993282999999792,-4,1/2
census-pos-ac-p54-rne-rne,8,8,12,2,2,3,3,2,-3,checked,0.0,0.0,-4,1/8
census-pos-ac-p54-rne-rup,8,8,12,2,2,3,2,3,-2,checked,0.0,0.004000443999999881,-4,3/16
census-pos-ac-p54-rne-rdn,8,8,12,2,2,3,2,4,-2,checked,0.0,0.0,-4,1/4
census-pos-ac-p54-rne-rtz,8,8,12,2,2,3,2,4,-2,checked,0.0,0.003998541000000078,-4,1/4
census-pos-ac-p54-rup-rne,8,8,12,2,2,3,3,2,-3,checked,0.0,0.0,-4,1/8
census-pos-ac-p54-rup-rup,8,8,12,2,2,3,2,4,-2,checked,0.0,0.004002026000000214,-4,1/4
census-pos-ac-p54-rup-rdn,8,8,12,2,2,3,2,3,-2,checked,0.0,0.0,-4,3/16
census-pos-ac-p54-rup-rtz,8,8,12,2,2,3,2,3,-2,checked,0.0,0.0,-4,3/16
census-pos-ac-p54-rdn-rne,8,8,12,2,2,3,3,2,-3,checked,0.003999002000000029,0.0,-4,1/8
census-pos-ac-p54-rdn-rup,8,8,12,2,2,3,2,3,-2,checked,0.0,0.0,-4,3/16
census-pos-ac-p54-rdn-rdn,8,8,12,2,2,3,2,4,-2,checked,0.004000863999999993,0.0,-4,1/4
census-pos-ac-p54-rdn-rtz,8,8,12,2,2,3,2,4,-2,checked,0.0,0.0,-4,1/4
census-pos-ac-p54-rtz-rne,8,8,12,2,2,3,3,2,-3,checked,0.003998039999999925,0.0,-4,1/8
census-pos-ac-p54-rtz-rup,8,8,12,2,2,3,2,3,-2,checked,0.0,0.0,-4,3/16
census-pos-ac-p54-rtz-rdn,8,8,12,2,2,3,2,4,-2,checked,0.004001935999999873,0.0,-4,1/4
census-pos-ac-p54-rtz-rtz,8,8,12,2,2,3,2,4,-2,checked,0.0,0.0,-4,1/4
census-pos-ac-p55-rne-rne,8,8,12,2,2,2,2,1,-4,checked,0.004008165000000119,0.0,-4,1/16
census-pos-ac-p55-rne-rup,8,8,12,2,2,2,2,1,-4,checked,0.004000884999999954,0.0,-4,1/16
census-pos-ac-p55-rne-rdn,8,8,12,2,2,2,2,2,-3,checked,0.0,0.0,-4,1/8
census-pos-ac-p55-rne-rtz,8,8,12,2,2,2,2,2,-3,checked,0.003992321000000132,0.0,-4,1/8
census-pos-ac-p55-rup-rne,8,8,12,2,2,2,2,1,-4,checked,0.0,0.0,-4,1/16
census-pos-ac-p55-rup-rup,8,8,10,2,2,2,1,2,-3,checked,0.003998932000000011,0.0,-4,1/8
census-pos-ac-p55-rup-rdn,8,8,10,2,2,2,1,1,-4,checked,0.0,0.0,-4,1/16
census-pos-ac-p55-rup-rtz,8,8,10,2,2,2,1,1,-4,checked,0.0,0.00400084399999967,-4,1/16
census-pos-ac-p55-rdn-rne,8,8,12,2,2,2,2,1,-4,checked,0.0,0.0,-4,1/16
census-pos-ac-p55-rdn-rup,8,8,10,2,2,2,1,1,-4,checked,0.0,0.004000113000000027,-4,1/16
census-pos-ac-p55-rdn-rdn,8,8,10,2,2,2,1,2,-3,checked,0.0,0.0,-4,1/8
census-pos-ac-p55-rdn-rtz,8,8,10,2,2,2,1,2,-3,checked,0.0,0.00399581700000029,-4,1/8
census-pos-ac-p55-rtz-rne,8,8,12,2,2,2,2,1,-4,checked,0.0,0.0,-4,1/16
census-pos-ac-p55-rtz-rup,8,8,10,2,2,2,1,1,-4,checked,0.004005450999999827,0.0,-4,1/16
census-pos-ac-p55-rtz-rdn,8,8,10,2,2,2,1,2,-3,checked,0.0,0.0,-4,1/8
census-pos-ac-p55-rtz-rtz,8,8,10,2,2,2,1,2,-3,checked,0.003999031999999847,0.0,-4,1/8
census-pos-bc-p33-rne-rne,8,8,10,2,2,2,4,2,-3,checked,0.0,0.003998361000000283,-4,1/8
census-pos-bc-p33-rne-rup,8,8,10,2,2,2,4,9,0,checked,0.0,0.0,-4,9/16
census-pos-bc-p33-rne-rdn,8,8,10,2,2,2,4,2,-3,checked,0.0,0.0,-4,1/8
census-pos-bc-p33-rne-rtz,8,8,10,2,2,2,4,2,-3,checked,0.004000222999999803,0.0,-4,1/8
census-pos-bc-p33-rup-rne,8,8,10,2,2,2,4,2,-3,checked,0.0,0.0,-4,1/8
census-pos-bc-p33-rup-rup,8,8,10,2,2,2,3,9,0,checked,0.004001785999999896,0.0,-4,9/16
census-pos-bc-p33-rup-rdn,8,8,10,2,2,2,3,2,-3,checked,0.0,0.0,-4,1/8
census-pos-bc-p33-rup-rtz,8,8,10,2,2,2,3,2,-3,checked,0.0,0.004000444000000325,-4,1/8
census-pos-bc-p33-rdn-rne,8,8,12,2,2,2,4,8,-1,checked,0.0,0.0,-4,1/2
census-pos-bc-p33-rdn-rup,8,8,10,2,2,2,3,7,-1,checked,0.0,0.003999611999999875,-4,7/16
census-pos-bc-p33-rdn-rdn,8,8,10,2,2,2,3,8,-1,checked,0.0,0.0,-4,1/2
census-pos-bc-p33-rdn-rtz,8,8,10,2,2,2,3,8,-1,checked,0.003998860999999909,0.0,-4,1/2
census-pos-bc-p33-rtz-rne,8,8,12,2,2,2,4,8,-1,checked,0.0,0.0,-4,1/2
census-pos-bc-p33-rtz-rup,8,8,10,2,2,2,3,7,-1,checked,0.0,0.004000604000000241,-4,7/16
census-pos-bc-p33-rtz-rdn,8,8,10,2,2,2,3,8,-1,checked,0.0,0.0,-4,1/2
census-pos-bc-p33-rtz-rtz,8,8,10,2,2,2,3,8,-1,checked,0.0,0.003999392999999962,-4,1/2
census-pos-bc-p34-rne-rne,8,8,10,2,2,3,4,2,-3,checked,0.0,0.0,-4,1/8
census-pos-bc-p34-rne-rup,8,8,10,2,2,3,4,5,-1,checked,0.0,0.0040003129999997,-4,5/16
census-pos-bc-p34-rne-rdn,8,8,10,2,2,3,4,2,-3,checked,0.0,0.0,-4,1/8
census-pos-bc-p34-rne-rtz,8,8,10,2,2,3,4,2,-3,checked,0.0,0.003999673000000037,-4,1/8
census-pos-bc-p34-rup-rne,8,8,10,2,2,3,3,2,-3,checked,0.0,0.0,-4,1/8
census-pos-bc-p34-rup-rup,8,8,10,2,2,3,3,5,-1,checked,0.0,0.004000393000000102,-4,5/16
census-pos-bc-p34-rup-rdn,8,8,10,2,2,3,3,2,-3,checked,0.0,0.0,-4,1/8
census-pos-bc-p34-rup-rtz,8,8,10,2,2,3,3,2,-3,checked,0.0,0.003998731999999894,-4,1/8
census-pos-bc-p34-rdn-rne,8,8,10,2,2,3,3,8,-1,checked,0.0,0.0,-4,1/2
census-pos-bc-p34-rdn-rup,8,8,10,2,2,3,3,7,-1,checked,0.0,0.003999080999999904,-4,7/16
census-pos-bc-p34-rdn-rdn,8,8,10,2,2,3,3,8,-1,checked,0.0,0.0008960270000000214,-4,1/2
census-pos-bc-p34-rdn-rtz,8,8,10,2,2,3,3,8,-1,checked,0.0,0.0030694160000002135,-4,1/2
census-pos-bc-p34-rtz-rne,8,8,10,2,2,3,3,8,-1,checked,0.0,0.0,-4,1/2
census-pos-bc-p34-rtz-rup,8,8,10,2,2,3,3,7,-1,checked,0.0,0.004101852999999878,-4,7/16
census-pos-bc-p34-rtz-rdn,8,8,10,2,2,3,3,8,-1,checked,0.0,0.0,-4,1/2
census-pos-bc-p34-rtz-rtz,8,8,10,2,2,3,3,8,-1,checked,0.0,0.0038980630000002847,-4,1/2
census-pos-bc-p35-rne-rne,8,8,10,2,2,3,4,2,-3,checked,0.0,0.0,-4,1/8
census-pos-bc-p35-rne-rup,8,8,10,2,2,3,4,3,-2,checked,0.0,0.00400628199999975,-4,3/16
census-pos-bc-p35-rne-rdn,8,8,10,2,2,3,4,2,-3,checked,0.0,0.0,-4,1/8
census-pos-bc-p35-rne-rtz,8,8,10,2,2,3,4,2,-3,checked,0.0,0.003994464999999892,-4,1/8
census-pos-bc-p35-rup-rne,8,8,10,2,2,3,3,2,-3,checked,0.0,0.0,-4,1/8
census-pos-bc-p35-rup-rup,8,8,10,2,2,3,3,3,-2,checked,0.0,0.0,-4,3/16
census-pos-bc-p35-rup-rdn,8,8,10,2,2,3,3,2,-3,checked,0.00400154499999994,0.0,-4,1/8
census-pos-bc-p35-rup-rtz,8,8,10,2,2,3,3,2,-3,checked,0.0,0.003999362000000062,-4,1/8
census-pos-bc-p35-rdn-rne,8,8,10,2,2,3,3,8,-1,checked,0.0,0.0,-4,1/2
census-pos-bc-p35-rdn-rup,8,8,10,2,2,3,3,7,-1,checked,0.0,0.003999433000000163,-4,7/16
census-pos-bc-p35-rdn-rdn,8,8,10,2,2,3,3,8,-1,checked,0.0,0.0,-4,1/2
census-pos-bc-p35-rdn-rtz,8,8,10,2,2,3,3,8,-1,checked,0.0,0.0,-4,1/2
census-pos-bc-p35-rtz-rne,8,8,10,2,2,3,3,8,-1,checked,0.004001243999999904,0.0,-4,1/2
census-pos-bc-p35-rtz-rup,8,8,10,2,2,3,3,7,-1,checked,0.0,0.0,-4,7/16
census-pos-bc-p35-rtz-rdn,8,8,10,2,2,3,3,8,-1,checked,0.00399904200000023,0.0,-4,1/2
census-pos-bc-p35-rtz-rtz,8,8,10,2,2,3,3,8,-1,checked,0.0,0.0,-4,1/2
census-pos-bc-p43-rne-rne,8,8,10,2,2,3,4,2,-3,checked,0.004089495999999748,0.0,-4,1/8
census-pos-bc-p43-rne-rup,8,8,10,2,2,3,3,9,0,checked,0.0,0.0039118120000001255,-4,9/16
census-pos-bc-p43-rne-rdn,8,8,10,2,2,3,3,2,-3,checked,0.0,0.0,-4,1/8
census-pos-bc-p43-rne-rtz,8,8,10,2,2,3,3,2,-3,checked,0.0,0.0,-4,1/8
census-pos-bc-p43-rup-rne,8,8,10,2,2,3,4,2,-3,checked,0.003999311999999922,0.0,-4,1/8
census-pos-bc-p43-rup-rup,8,8,10,2,2,3,3,9,0,checked,0.0,0.0,-4,9/16
census-pos-bc-p43-rup-rdn,8,8,10,2,2,3,3,2,-3,checked,0.004000954999999973,0.0,-4,1/8
census-pos-bc-p43-rup-rtz,8,8,10,2,2,3,3,2,-3,checked,0.0,0.0,-4,1/8
census-pos-bc-p43-rdn-rne,8,8,12,2,2,3,4,7,-1,checked,0.0,0.0039999530000001116,-4,7/16
census-pos-bc-p43-rdn-rup,8,8,12,2,2,3,3,7,-1,checked,0.0,0.0,-4,7/16
census-pos-bc-p43-rdn-rdn,8,8,12,2,2,3,3,8,-1,checked,0.0,0.0040027369999999785,-4,1/2
census-pos-bc-p43-rdn-rtz,8,8,12,2,2,3,3,8,-1,checked,0.0,0.0,-4,1/2
census-pos-bc-p43-rtz-rne,8,8,12,2,2,3,4,7,-1,checked,0.0,0.003998870999999848,-4,7/16
census-pos-bc-p43-rtz-rup,8,8,12,2,2,3,3,7,-1,checked,0.0,0.0,-4,7/16
census-pos-bc-p43-rtz-rdn,8,8,12,2,2,3,3,8,-1,checked,0.003999473000000364,0.0,-4,1/2
census-pos-bc-p43-rtz-rtz,8,8,12,2,2,3,3,8,-1,checked,0.0,0.0,-4,1/2
census-pos-bc-p44-rne-rne,8,8,10,2,2,2,3,2,-3,checked,0.004003958999999835,0.0,-4,1/8
census-pos-bc-p44-rne-rup,8,8,10,2,2,2,3,5,-1,checked,0.0,0.0,-4,5/16
census-pos-bc-p44-rne-rdn,8,8,10,2,2,2,3,2,-3,checked,0.003993883999999781,0.0,-4,1/8
census-pos-bc-p44-rne-rtz,8,8,10,2,2,2,3,2,-3,checked,0.0,0.0,-4,1/8
census-pos-bc-p44-rup-rne,8,8,10,2,2,2,3,2,-3,checked,0.0,0.004001725000000178,-4,1/8
census-pos-bc-p44-rup-rup,8,8,10,2,2,2,2,5,-1,checked,0.0,0.0,-4,5/16
census-pos-bc-p44-rup-rdn,8,8,10,2,2,2,2,2,-3,checked,0.0,0.003999982999999929,-4,1/8
census-pos-bc-p44-rup-rtz,8,8,10,2,2,2,2,2,-3,checked,0.0,0.0,-4,1/8
census-pos-bc-p44-rdn-rne,8,8,12,2,2,2,3,4,-2,checked,0.0,0.00399775999999985,-4,1/4
census-pos-bc-p44-rdn-rup,8,8,10,2,2,2,2,3,-2,checked,0.0,0.0,-4,3/16
census-pos-bc-p44-rdn-rdn,8,8,10,2,2,2,2,4,-2,checked,0.0,0.004000394000000185,-4,1/4
census-pos-bc-p44-rdn-rtz,8,8,10,2,2,2,2,4,-2,checked,0.0,0.0,-4,1/4
census-pos-bc-p44-rtz-rne,8,8,12,2,2,2,3,4,-2,checked,0.0,0.003999732000000034,-4,1/4
census-pos-bc-p44-rtz-rup,8,8,10,2,2,2,2,3,-2,checked,0.0,0.0,-4,3/16
census-pos-bc-p44-rtz-rdn,8,8,10,2,2,2,2,4,-2,checked,0.0,0.004001585999999779,-4,1/4
census-pos-bc-p44-rtz-rtz,8,8,10,2,2,2,2,4,-2,checked,0.0,0.0,-4,1/4
census-pos-bc-p45-rne-rne,8,8,10,2,2,3,3,2,-3,checked,0.0,0.003998780999999951,-4,1/8
census-pos-bc-p45-rne-rup,8,8,10,2,2,3,3,3,-2,checked,0.0,0.0,-4,3/16
census-pos-bc-p45-rne-rdn,8,8,10,2,2,3,3,2,-3,checked,0.0,0.003998060000000692,-4,1/8
census-pos-bc-p45-rne-rtz,8,8,10,2,2,3,3,2,-3,checked,0.0,0.0,-4,1/8
census-pos-bc-p45-rup-rne,8,8,10,2,2,3,2,2,-3,checked,0.0,0.004009376999999148,-4,1/8
census-pos-bc-p45-rup-rup,8,8,10,2,2,3,2,3,-2,checked,0.0,0.0,-4,3/16
census-pos-bc-p45-rup-rdn,8,8,10,2,2,3,2,2,-3,checked,0.0,0.003992853000000629,-4,1/8
census-pos-bc-p45-rup-rtz,8,8,10,2,2,3,2,2,-3,checked,0.0,0.0,-4,1/8
census-pos-bc-p45-rdn-rne,8,8,10,2,2,3,2,4,-2,checked,0.0,0.004003187999999547,-4,1/4
census-pos-bc-p45-rdn-rup,8,8,10,2,2,3,2,3,-2,checked,0.0,0.0,-4,3/16
census-pos-bc-p45-rdn-rdn,8,8,10,2,2,3,2,4,-2,checked,0.0,0.003998049999999864,-4,1/4
census-pos-bc-p45-rdn-rtz,8,8,10,2,2,3,2,4,-2,checked,0.0,0.0,-4,1/4
census-pos-bc-p45-rtz-rne,8,8,10,2,2,3,2,4,-2,checked,0.0,0.003999933000000233,-4,1/4
census-pos-bc-p45-rtz-rup,8,8,10,2,2,3,2,3,-2,checked,0.0,0.0,-4,3/16
census-pos-bc-p45-rtz-rdn,8,8,10,2,2,3,2,4,-2,checked,0.0,0.003999652000000076,-4,1/4
census-pos-bc-p45-rtz-rtz,8,8,10,2,2,3,2,4,-2,checked,0.0,0.0,-4,1/4
census-pos-bc-p53-rne-rne,8,8,12,2,2,3,4,2,-3,checked,0.0,0.003999062000000109,-4,1/8
census-pos-bc-p53-rne-rup,8,8,12,2,2,3,3,8,-1,checked,0.0,0.0,-4,1/2
census-pos-bc-p53-rne-rdn,8,8,12,2,2,3,3,7,-1,checked,0.0,0.0039997429999996115,-4,7/16
census-pos-bc-p53-rne-rtz,8,8,12,2,2,3,3,7,-1,checked,0.0,0.0,-4,7/16
census-pos-bc-p53-rup-rne,8,8,12,2,2,3,4,2,-3,checked,0.0,0.0040049600000005015,-4,1/8
census-pos-bc-p53-rup-rup,8,8,12,2,2,3,3,8,-1,checked,0.0,0.0,-4,1/2
census-pos-bc-p53-rup-rdn,8,8,12,2,2,3,3,7,-1,checked,0.0,0.0039983709999997785,-4,7/16
census-pos-bc-p53-rup-rtz,8,8,12,2,2,3,3,7,-1,checked,0.0,0.0,-4,7/16
census-pos-bc-p53-rdn-rne,8,8,12,2,2,3,4,2,-3,checked,0.0,0.004012110999999763,-4,1/8
census-pos-bc-p53-rdn-rup,8,8,12,2,2,3,3,7,-1,checked,0.0,0.0,-4,7/16
census-pos-bc-p53-rdn-rdn,8,8,12,2,2,3,3,8,-1,checked,0.0,0.004000313000000588,-4,1/2
census-pos-bc-p53-rdn-rtz,8,8,12,2,2,3,3,8,-1,checked,0.0,0.0,-4,1/2
census-pos-bc-p53-rtz-rne,8,8,12,2,2,3,4,2,-3,checked,0.0,0.00397299399999973,-4,1/8
census-pos-bc-p53-rtz-rup,8,8,12,2,2,3,3,7,-1,checked,0.0,0.0,-4,7/16
census-pos-bc-p53-rtz-rdn,8,8,12,2,2,3,3,8,-1,checked,0.0,0.003998861000000353,-4,1/2
census-pos-bc-p53-rtz-rtz,8,8,12,2,2,3,3,8,-1,checked,0.0,0.0,-4,1/2
census-pos-bc-p54-rne-rne,8,8,12,2,2,3,3,2,-3,checked,0.0,0.004001224999999664,-4,1/8
census-pos-bc-p54-rne-rup,8,8,12,2,2,3,2,4,-2,checked,0.0,0.0,-4,1/4
census-pos-bc-p54-rne-rdn,8,8,12,2,2,3,2,3,-2,checked,0.0,0.004001674999999594,-4,3/16
census-pos-bc-p54-rne-rtz,8,8,12,2,2,3,2,3,-2,checked,0.0,0.0,-4,3/16
census-pos-bc-p54-rup-rne,8,8,12,2,2,3,3,2,-3,checked,0.0,0.004000484000000526,-4,1/8
census-pos-bc-p54-rup-rup,8,8,12,2,2,3,2,4,-2,checked,0.0,0.0,-4,1/4
census-pos-bc-p54-rup-rdn,8,8,12,2,2,3,2,3,-2,checked,0.0,0.004000052999999504,-4,3/16
census-pos-bc-p54-rup-rtz,8,8,12,2,2,3,2,3,-2,checked,0.0,0.0039952260000006845,-4,3/16
census-pos-bc-p54-rdn-rne,8,8,12,2,2,3,3,2,-3,checked,0.0,0.0,-4,1/8
census-pos-bc-p54-rdn-rup,8,8,12,2,2,3,2,3,-2,checked,0.0,0.0,-4,3/16
census-pos-bc-p54-rdn-rdn,8,8,12,2,2,3,2,4,-2,checked,0.004002686999999838,0.0,-4,1/4
census-pos-bc-p54-rdn-rtz,8,8,12,2,2,3,2,4,-2,checked,0.0,0.0,-4,1/4
census-pos-bc-p54-rtz-rne,8,8,12,2,2,3,3,2,-3,checked,0.004008486000000033,0.0,-4,1/8
census-pos-bc-p54-rtz-rup,8,8,12,2,2,3,2,3,-2,checked,0.0,0.0,-4,3/16
census-pos-bc-p54-rtz-rdn,8,8,12,2,2,3,2,4,-2,checked,0.00399238199999985,0.0,-4,1/4
census-pos-bc-p54-rtz-rtz,8,8,12,2,2,3,2,4,-2,checked,0.0,0.0,-4,1/4
census-pos-bc-p55-rne-rne,8,8,12,2,2,2,2,1,-4,checked,0.0,0.00400079399999953,-4,1/16
census-pos-bc-p55-rne-rup,8,8,12,2,2,2,2,2,-3,checked,0.0,0.0,-4,1/8
census-pos-bc-p55-rne-rdn,8,8,12,2,2,2,2,1,-4,checked,0.0,0.004003679000000204,-4,1/16
census-pos-bc-p55-rne-rtz,8,8,12,2,2,2,2,1,-4,checked,0.0,0.0,-4,1/16
census-pos-bc-p55-rup-rne,8,8,12,2,2,2,2,1,-4,checked,0.0039927820000000835,0.0,-4,1/16
census-pos-bc-p55-rup-rup,8,8,10,2,2,2,1,2,-3,checked,0.0,0.004008556000000496,-4,1/8
census-pos-bc-p55-rup-rdn,8,8,10,2,2,2,1,1,-4,checked,0.0,0.0,-4,1/16
census-pos-bc-p55-rup-rtz,8,8,10,2,2,2,1,1,-4,checked,0.0,0.003992811999999901,-4,1/16
census-pos-bc-p55-rdn-rne,8,8,12,2,2,2,2,1,-4,checked,0.0,0.0,-4,1/16
census-pos-bc-p55-rdn-rup,8,8,10,2,2,2,1,1,-4,checked,0.0,0.004000293999999904,-4,1/16
census-pos-bc-p55-rdn-rdn,8,8,10,2,2,2,1,2,-3,checked,0.0,0.0,-4,1/8
census-pos-bc-p55-rdn-rtz,8,8,10,2,2,2,1,2,-3,checked,0.0,0.0,-4,1/8
census-pos-bc-p55-rtz-rne,8,8,12,2,2,2,2,1,-4,checked,0.004000714000000016,0.0,-4,1/16
census-pos-bc-p55-rtz-rup,8,8,10,2,2,2,1,1,-4,checked,0.0,0.0,-4,1/16
census-pos-bc-p55-rtz-rdn,8,8,10,2,2,2,1,2,-3,checked,0.0040023059999994,0.0,-4,1/8
census-pos-bc-p55-rtz-rtz,8,8,10,2,2,2,1,2,-3,checked,0.0,0.0,-4,1/8
census-neg-ab-p33-rne-rne,8,8,10,2,2,2,4,8,-1,checked,0.003998431000000302,0.0,-4,1/2
census-neg-ab-p33-rne-rup,8,8,10,2,2,2,4,9,0,checked,0.004000234000000269,0.0,-4,9/16
census-neg-ab-p33-rne-rdn,8,8,10,2,2,2,4,2,-3,checked,0.0,0.0039971379999999,-4,1/8
census-neg-ab-p33-rne-rtz,8,8,10,2,2,2,4,9,0,checked,0.0,0.0,-4,9/16
census-neg-ab-p33-rup-rne,8,8,10,2,2,2,4,8,-1,checked,0.0,0.0040017360000002,-4,1/2
census-neg-ab-p33-rup-rup,8,8,10,2,2,2,3,9,0,checked,0.0,0.0,-4,9/16
census-neg-ab-p33-rup-rdn,8,8,10,2,2,2,3,2,-3,checked,0.0,0.003999772999999429,-4,1/8
census-neg-ab-p33-rup-rtz,8,8,10,2,2,2,3,9,0,checked,0.0,0.0,-4,9/16
census-neg-ab-p33-rdn-rne,8,8,10,2,2,2,4,10,0,checked,0.0,0.00401073899999993,-4,5/8
census-neg-ab-p33-rdn-rup,8,8,10,2,2,2,3,2,-3,checked,0.0,0.0,-4,1/8
census-neg-ab-p33-rdn-rdn,8,8,10,2,2,2,3,10,0,checked,0.0,0.003969427000000358,-4,5/8
census-neg-ab-p33-rdn-rtz,8,8,10,2,2,2,3,2,-3,checked,0.0,0.0,-4,1/8
census-neg-ab-p33-rtz-rne,8,8,10,2,2,2,4,8,-1,checked,0.0,0.004000104000000171,-4,1/2
census-neg-ab-p33-rtz-rup,8,8,10,2,2,2,3,9,0,checked,0.0,0.0,-4,9/16
census-neg-ab-p33-rtz-rdn,8,8,10,2,2,2,3,2,-3,checked,0.0,0.00399928199999966,-4,1/8
census-neg-ab-p33-rtz-rtz,8,8,10,2,2,2,3,9,0,checked,0.0,0.0,-4,9/16
census-neg-ab-p34-rne-rne,8,8,10,2,2,3,4,5,-1,checked,0.003998400000000402,0.0,-4,5/16
census-neg-ab-p34-rne-rup,8,8,10,2,2,3,4,5,-1,checked,0.0,0.003999462999999537,-4,5/16
census-neg-ab-p34-rne-rdn,8,8,10,2,2,3,4,4,-2,checked,0.0,0.0,-4,1/4
census-neg-ab-p34-rne-rtz,8,8,10,2,2,3,4,5,-1,checked,0.0,0.003999462000000342,-4,5/16
census-neg-ab-p34-rup-rne,8,8,10,2,2,3,3,5,-1,checked,0.0,0.0,-4,5/16
census-neg-ab-p34-rup-rup,8,8,10,2,2,3,3,5,-1,checked,0.0,0.004001514999999678,-4,5/16
census-neg-ab-p34-rup-rdn,8,8,10,2,2,3,3,4,-2,checked,0.0,0.0,-4,1/4
census-neg-ab-p34-rup-rtz,8,8,10,2,2,3,3,5,-1,checked,0.0,0.003999513000000121,-4,5/16
census-neg-ab-p34-rdn-rne,8,8,10,2,2,3,3,6,-1,checked,0.0,0.0,-4,3/8
census-neg-ab-p34-rdn-rup,8,8,10,2,2,3,3,6,-1,checked,0.0,0.00400090399999975,-4,3/8
census-neg-ab-p34-rdn-rdn,8,8,10,2,2,3,3,9,0,checked,0.0,0.0,-4,9/16
census-neg-ab-p34-rdn-rtz,8,8,10,2,2,3,3,6,-1,checked,0.0,0.004003739000000728,-4,3/8
census-neg-ab-p34-rtz-rne,8,8,10,2,2,3,3,5,-1,checked,0.0,0.0,-4,5/16
census-neg-ab-p34-rtz-rup,8,8,10,2,2,3,3,5,-1,checked,0.0,0.0039973789999994125,-4,5/16
census-neg-ab-p34-rtz-rdn,8,8,10,2,2,3,3,4,-2,checked,0.0,0.0,-4,1/4
census-neg-ab-p34-rtz-rtz,8,8,10,2,2,3,3,5,-1,checked,0.0,0.004000424000000002,-4,5/16
census-neg-ab-p35-rne-rne,8,8,10,2,2,3,4,5,-1,checked,0.0,0.0,-4,5/16
census-neg-ab-p35-rne-rup,8,8,10,2,2,3,4,5,-1,checked,0.004000303000000649,0.0,-4,5/16
census-neg-ab-p35-rne-rdn,8,8,10,2,2,3,4,4,-2,checked,0.0,0.003994354999999672,-4,1/4
census-neg-ab-p35-rne-rtz,8,8,10,2,2,3,4,5,-1,checked,0.0,0.0,-4,5/16
census-neg-ab-p35-rup-rne,8,8,10,2,2,3,3,5,-1,checked,0.0,0.004005660999999883,-4,5/16
census-neg-ab-p35-rup-rup,8,8,10,2,2,3,3,5,-1,checked,0.0,0.0,-4,5/16
census-neg-ab-p35-rup-rdn,8,8,10,2,2,3,3,4,-2,checked,0.0,0.003997949999999584,-4,1/4
census-neg-ab-p35-rup-rtz,8,8,10,2,2,3,3,5,-1,checked,0.0,0.0,-4,5/16
census-neg-ab-p35-rdn-rne,8,8,10,2,2,3,3,6,-1,checked,0.0,0.003998251000000508,-4,3/8
census-neg-ab-p35-rdn-rup,8,8,10,2,2,3,3,6,-1,checked,0.0,0.0,-4,3/8
census-neg-ab-p35-rdn-rdn,8,8,10,2,2,3,3,7,-1,checked,0.0,0.004000052999999504,-4,7/16
census-neg-ab-p35-rdn-rtz,8,8,10,2,2,3,3,6,-1,checked,0.0,0.0,-4,3/8
census-neg-ab-p35-rtz-rne,8,8,10,2,2,3,3,5,-1,checked,0.0,0.0040004640000006475,-4,5/16
census-neg-ab-p35-rtz-rup,8,8,10,2,2,3,3,5,-1,checked,0.0,0.0,-4,5/16
census-neg-ab-p35-rtz-rdn,8,8,10,2,2,3,3,4,-2,checked,0.0,0.004001073999999605,-4,1/4
census-neg-ab-p35-rtz-rtz,8,8,10,2,2,3,3,5,-1,checked,0.0,0.0,-4,5/16
census-neg-ab-p43-rne-rne,8,8,12,2,2,3,4,6,-1,checked,0.0,0.0040026570000000206,-4,3/8
census-neg-ab-p43-rne-rup,8,8,12,2,2,3,3,7,-1,checked,0.0,0.003997779999999729,-4,7/16
census-neg-ab-p43-rne-rdn,8,8,12,2,2,3,3,8,-1,checked,0.0,0.0,-4,1/2
census-neg-ab-p43-rne-rtz,8,8,12,2,2,3,3,7,-1,checked,0.0,0.004001425000000225,-4,7/16
census-neg-ab-p43-rup-rne,8,8,12,2,2,3,4,7,-1,checked,0.0,0.0,-4,7/16
census-neg-ab-p43-rup-rup,8,8,12,2,2,3,3,8,-1,checked,0.0,0.003999062000000109,-4,1/2
census-neg-ab-p43-rup-rdn,8,8,12,2,2,3,3,7,-1,checked,0.0,0.0,-4,7/16
census-neg-ab-p43-rup-rtz,8,8,12,2,2,3,3,8,-1,checked,0.0,0.00399997299999999,-4,1/2
census-neg-ab-p43-rdn-rne,8,8,10,2,2,3,4,2,-3,checked,0.0,0.0,-4,1/8
census-neg-ab-p43-rdn-rup,8,8,10,2,2,3,3,2,-3,checked,0.0,0.004001696000000443,-4,1/8
census-neg-ab-p43-rdn-rdn,8,8,10,2,2,3,3,9,0,checked,0.0,0.0,-4,9/16
census-neg-ab-p43-rdn-rtz,8,8,10,2,2,3,3,2,-3,checked,0.0,0.00399983199999987,-4,1/8
census-neg-ab-p43-rtz-rne,8,8,12,2,2,3,4,7,-1,checked,0.0,0.0,-4,7/16
census-neg-ab-p43-rtz-rup,8,8,12,2,2,3,3,8,-1,checked,0.0,0.00399846100000012,-4,1/2
census-neg-ab-p43-rtz-rdn,8,8,12,2,2,3,3,7,-1,checked,0.0,0.003998730999999367,-4,7/16
census-neg-ab-p43-rtz-rtz,8,8,12,2,2,3,3,8,-1,checked,0.0,0.0,-4,1/2
census-neg-ab-p44-rne-rne,8,8,12,2,2,2,3,3,-2,checked,0.0,0.003998982000000595,-4,3/16
census-neg-ab-p44-rne-rup,8,8,12,2,2,2,3,3,-2,checked,0.0,0.0,-4,3/16
census-neg-ab-p44-rne-rdn,8,8,12,2,2,2,3,4,-2,checked,0.0,0.003999722999999733,-4,1/4
census-neg-ab-p44-rne-rtz,8,8,12,2,2,2,3,3,-2,checked,0.0,0.0,-4,3/16
census-neg-ab-p44-rup-rne,8,8,12,2,2,2,3,4,-2,checked,0.0,0.004001996000000396,-4,1/4
census-neg-ab-p44-rup-rup,8,8,10,2,2,2,2,4,-2,checked,0.0,0.0,-4,1/4
census-neg-ab-p44-rup-rdn,8,8,10,2,2,2,2,3,-2,checked,0.0,0.003998780999999951,-4,3/16
census-neg-ab-p44-rup-rtz,8,8,10,2,2,2,2,4,-2,checked,0.0,0.0,-4,1/4
census-neg-ab-p44-rdn-rne,8,8,10,2,2,2,3,2,-3,checked,0.0,0.00399917199999944,-4,1/8
census-neg-ab-p44-rdn-rup,8,8,10,2,2,2,2,2,-3,checked,0.0,0.0,-4,1/8
census-neg-ab-p44-rdn-rdn,8,8,10,2,2,2,2,5,-1,checked,0.0,0.004001344999999823,-4,5/16
census-neg-ab-p44-rdn-rtz,8,8,10,2,2,2,2,2,-3,checked,0.0,0.0,-4,1/8
census-neg-ab-p44-rtz-rne,8,8,12,2,2,2,3,4,-2,checked,0.0,0.004000814000000297,-4,1/4
census-neg-ab-p44-rtz-rup,8,8,10,2,2,2,2,4,-2,checked,0.0,0.003999411999999758,-4,1/4
census-neg-ab-p44-rtz-rdn,8,8,10,2,2,2,2,3,-2,checked,0.0,0.0,-4,3/16
census-neg-ab-p44-rtz-rtz,8,8,10,2,2,2,2,4,-2,checked,0.0,0.0040013249999999445,-4,1/4
census-neg-ab-p45-rne-rne,8,8,12,2,2,3,3,3,-2,checked,0.0,0.0,-4,3/16
census-neg-ab-p45-rne-rup,8,8,12,2,2,3,3,3,-2,checked,0.0,0.0039966590000002356,-4,3/16
census-neg-ab-p45-rne-rdn,8,8,12,2,2,3,3,2,-3,checked,0.0,0.0,-4,1/8
census-neg-ab-p45-rne-rtz,8,8,12,2,2,3,3,3,-2,checked,0.0,0.004008776000000047,-4,3/16
census-neg-ab-p45-rup-rne,8,8,10,2,2,3,2,4,-2,checked,0.0,0.0,-4,1/4
census-neg-ab-p45-rup-rup,8,8,10,2,2,3,2,4,-2,checked,0.0,0.003993112999999937,-4,1/4
census-neg-ab-p45-rup-rdn,8,8,10,2,2,3,2,3,-2,checked,0.0,0.0,-4,3/16
census-neg-ab-p45-rup-rtz,8,8,10,2,2,3,2,4,-2,checked,0.0,0.003999292000000487,-4,1/4
census-neg-ab-p45-rdn-rne,8,8,10,2,2,3,2,2,-3,checked,0.0,0.0,-4,1/8
census-neg-ab-p45-rdn-rup,8,8,10,2,2,3,2,2,-3,checked,0.0,0.003999611999999431,-4,1/8
census-neg-ab-p45-rdn-rdn,8,8,10,2,2,3,2,3,-2,checked,0.0,0.0,-4,3/16
census-neg-ab-p45-rdn-rtz,8,8,10,2,2,3,2,2,-3,checked,0.0,0.004184346000000616,-4,1/8
census-neg-ab-p45-rtz-rne,8,8,10,2,2,3,2,4,-2,checked,0.0,0.0,-4,1/4
census-neg-ab-p45-rtz-rup,8,8,10,2,2,3,2,4,-2,checked,0.0,0.0038172229999995366,-4,1/4
census-neg-ab-p45-rtz-rdn,8,8,10,2,2,3,2,3,-2,checked,0.0,0.0,-4,3/16
census-neg-ab-p45-rtz-rtz,8,8,10,2,2,3,2,4,-2,checked,0.0,0.003997888999999866,-4,1/4
census-neg-ab-p53-rne-rne,8,8,12,2,2,3,4,2,-3,checked,0.0,0.0,-4,1/8
census-neg-ab-p53-rne-rup,8,8,12,2,2,3,3,7,-1,checked,0.0,0.004001956000000639,-4,7/16
census-neg-ab-p53-rne-rdn,8,8,12,2,2,3,3,8,-1,checked,0.0,0.0,-4,1/2
census-neg-ab-p53-rne-rtz,8,8,12,2,2,3,3,7,-1,checked,0.0,0.004003978999999269,-4,7/16
census-neg-ab-p53-rup-rne,8,8,12,2,2,3,4,2,-3,checked,0.0,0.0,-4,1/8
census-neg-ab-p53-rup-rup,8,8,12,2,2,3,3,8,-1,checked,0.0,0.003998141000000288,-4,1/2
census-neg-ab-p53-rup-rdn,8,8,12,2,2,3,3,7,-1,checked,0.0,0.0,-4,7/16
census-neg-ab-p53-rup-rtz,8,8,12,2,2,3,3,8,-1,checked,0.0,0.003999431999999636,-4,1/2
census-neg-ab-p53-rdn-rne,8,8,12,2,2,3,4,2,-3,checked,0.0,0.0,-4,1/8
census-neg-ab-p53-rdn-rup,8,8,12,2,2,3,3,7,-1,checked,0.003999612000000319,0.0,-4,7/16
census-neg-ab-p53-rdn-rdn,8,8,12,2,2,3,3,8,-1,checked,0.0,0.0,-4,1/2
census-neg-ab-p53-rdn-rtz,8,8,12,2,2,3,3,7,-1,checked,0.00400022400000033,0.0,-4,7/16
census-neg-ab-p53-rtz-rne,8,8,12,2,2,3,4,2,-3,checked,0.0,0.0,-4,1/8
census-neg-ab-p53-rtz-rup,8,8,12,2,2,3,3,8,-1,checked,0.0,0.00400035399999954,-4,1/2
census-neg-ab-p53-rtz-rdn,8,8,12,2,2,3,3,7,-1,checked,0.0,0.0,-4,7/16
census-neg-ab-p53-rtz-rtz,8,8,12,2,2,3,3,8,-1,checked,0.0,0.003999502000000099,-4,1/2
census-neg-ab-p54-rne-rne,8,8,12,2,2,3,3,2,-3,checked,0.0,0.0,-4,1/8
census-neg-ab-p54-rne-rup,8,8,12,2,2,3,2,3,-2,checked,0.0,0.004001095000000454,-4,3/16
census-neg-ab-p54-rne-rdn,8,8,12,2,2,3,2,4,-2,checked,0.0,0.0,-4,1/4
census-neg-ab-p54-rne-rtz,8,8,12,2,2,3,2,3,-2,checked,0.0,0.003999461999999454,-4,3/16
census-neg-ab-p54-rup-rne,8,8,12,2,2,3,3,2,-3,checked,0.0,0.0,-4,1/8
census-neg-ab-p54-rup-rup,8,8,12,2,2,3,2,4,-2,checked,0.0,0.004001785999999896,-4,1/4
census-neg-ab-p54-rup-rdn,8,8,12,2,2,3,2,3,-2,checked,0.0,0.0,-4,3/16
census-neg-ab-p54-rup-rtz,8,8,12,2,2,3,2,4,-2,checked,0.003994344000000538,0.0,-4,1/4
census-neg-ab-p54-rdn-rne,8,8,12,2,2,3,3,2,-3,checked,0.0,0.0,-4,1/8
census-neg-ab-p54-rdn-rup,8,8,12,2,2,3,2,3,-2,checked,0.004003638999999559,0.0,-4,3/16
census-neg-ab-p54-rdn-rdn,8,8,12,2,2,3,2,4,-2,checked,0.0,0.0,-4,1/4
census-neg-ab-p54-rdn-rtz,8,8,12,2,2,3,2,3,-2,checked,0.004000764000000601,0.0,-4,3/16
census-neg-ab-p54-rtz-rne,8,8,12,2,2,3,3,2,-3,checked,0.0,0.0,-4,1/8
census-neg-ab-p54-rtz-rup,8,8,12,2,2,3,2,4,-2,checked,0.003997949999999584,0.0,-4,1/4
census-neg-ab-p54-rtz-rdn,8,8,12,2,2,3,2,3,-2,checked,0.0,0.003999101999999866,-4,3/16
census-neg-ab-p54-rtz-rtz,8,8,12,2,2,3,2,4,-2,checked,0.0,0.0,-4,1/4
census-neg-ab-p55-rne-rne,8,8,12,2,2,2,2,1,-4,checked,0.0,0.003999061000000026,-4,1/16
census-neg-ab-p55-rne-rup,8,8,12,2,2,2,2,1,-4,checked,0.0,0.0,-4,1/16
census-neg-ab-p55-rne-rdn,8,8,12,2,2,2,2,2,-3,checked,0.0,0.004000354000000428,-4,1/8
census-neg-ab-p55-rne-rtz,8,8,12,2,2,2,2,1,-4,checked,0.0,0.0,-4,1/16
census-neg-ab-p55-rup-rne,8,8,12,2,2,2,2,1,-4,checked,0.0,0.004008965999999781,-4,1/16
census-neg-ab-p55-rup-rup,8,8,10,2,2,2,1,2,-3,checked,0.0,0.0,-4,1/8
census-neg-ab-p55-rup-rdn,8,8,10,2,2,2,1,1,-4,checked,0.0,0.003992943000000082,-4,1/16
census-neg-ab-p55-rup-rtz,8,8,10,2,2,2,1,2,-3,checked,0.0,0.0,-4,1/8
census-neg-ab-p55-rdn-rne,8,8,12,2,2,2,2,1,-4,checked,0.0,0.003998471000000059,-4,1/16
census-neg-ab-p55-rdn-rup,8,8,10,2,2,2,1,1,-4,checked,0.0,0.0,-4,1/16
census-neg-ab-p55-rdn-rdn,8,8,10,2,2,2,1,2,-3,checked,0.0,0.00399928199999966,-4,1/8
census-neg-ab-p55-rdn-rtz,8,8,10,2,2,2,1,1,-4,checked,0.0,0.0,-4,1/16
census-neg-ab-p55-rtz-rne,8,8,12,2,2,2,2,1,-4,checked,0.0,0.004002927000000156,-4,1/16
census-neg-ab-p55-rtz-rup,8,8,10,2,2,2,1,2,-3,checked,0.0,0.0,-4,1/8
census-neg-ab-p55-rtz-rdn,8,8,10,2,2,2,1,1,-4,checked,0.0,0.003998611000000096,-4,1/16
census-neg-ab-p55-rtz-rtz,8,8,10,2,2,2,1,2,-3,checked,0.0,0.0,-4,1/8
census-neg-ac-p33-rne-rne,8,8,12,2,2,2,4,7,-1,checked,0.0,0.003999793000000196,-4,7/16
census-neg-ac-p33-rne-rup,8,8,12,2,2,2,4,7,-1,checked,0.0,0.0,-4,7/16
census-neg-ac-p33-rne-rdn,8,8,12,2,2,2,4,9,0,checked,0.0,0.003999963000000051,-4,9/16
census-neg-ac-p33-rne-rtz,8,8,12,2,2,2,4,7,-1,checked,0.0,0.0,-4,7/16
census-neg-ac-p33-rup-rne,8,8,10,2,2,2,4,9,0,checked,0.0,0.004004308999999928,-4,9/16
census-neg-ac-p33-rup-rup,8,8,10,2,2,2,3,9,0,checked,0.0,0.0,-4,9/16
census-neg-ac-p33-rup-rdn,8,8,10,2,2,2,3,2,-3,checked,0.0,0.003998911999999244,-4,1/8
census-neg-ac-p33-rup-rtz,8,8,10,2,2,2,3,9,0,checked,0.0,0.0,-4,9/16
census-neg-ac-p33-rdn-rne,8,8,10,2,2,2,4,2,-3,checked,0.0,0.00399915200000045,-4,1/8
census-neg-ac-p33-rdn-rup,8,8,10,2,2,2,3,2,-3,checked,0.0,0.0,-4,1/8
census-neg-ac-p33-rdn-rdn,8,8,10,2,2,2,3,10,0,checked,0.004000593999999857,0.0,-4,5/8
census-neg-ac-p33-rdn-rtz,8,8,10,2,2,2,3,2,-3,checked,0.0,0.0039966879999999705,-4,1/8
census-neg-ac-p33-rtz-rne,8,8,10,2,2,2,4,9,0,checked,0.0,0.0,-4,9/16
census-neg-ac-p33-rtz-rup,8,8,10,2,2,2,3,9,0,checked,0.0,0.004002016000000275,-4,9/16
census-neg-ac-p33-rtz-rdn,8,8,10,2,2,2,3,2,-3,checked,0.0,0.0,-4,1/8
census-neg-ac-p33-rtz-rtz,8,8,10,2,2,2,3,9,0,checked,0.0,0.003999682999999976,-4,9/16
census-neg-ac-p34-rne-rne,8,8,12,2,2,3,4,6,-1,checked,0.0,0.0,-4,3/8
census-neg-ac-p34-rne-rup,8,8,12,2,2,3,4,7,-1,checked,0.0,0.003999161000000306,-4,7/16
census-neg-ac-p34-rne-rdn,8,8,12,2,2,3,4,5,-1,checked,0.0,0.0,-4,5/16
census-neg-ac-p34-rne-rtz,8,8,12,2,2,3,4,7,-1,checked,0.0,0.004000373999999418,-4,7/16
census-neg-ac-p34-rup-rne,8,8,10,2,2,3,3,8,-1,checked,0.0,0.0,-4,1/2
census-neg-ac-p34-rup-rup,8,8,10,2,2,3,3,9,0,checked,0.0,0.003998810999999769,-4,9/16
census-neg-ac-p34-rup-rdn,8,8,10,2,2,3,3,5,-1,checked,0.0,0.0,-4,5/16
census-neg-ac-p34-rup-rtz,8,8,10,2,2,3,3,9,0,checked,0.0,0.003999933000000233,-4,9/16
census-neg-ac-p34-rdn-rne,8,8,10,2,2,3,3,5,-1,checked,0.0,0.0,-4,5/16
census-neg-ac-p34-rdn-rup,8,8,10,2,2,3,3,2,-3,checked,0.0,0.004000084000000292,-4,1/8
census-neg-ac-p34-rdn-rdn,8,8,10,2,2,3,3,6,-1,checked,0.0,0.0,-4,3/8
census-neg-ac-p34-rdn-rtz,8,8,10,2,2,3,3,2,-3,checked,0.0,0.004000844000000114,-4,1/8
census-neg-ac-p34-rtz-rne,8,8,10,2,2,3,3,8,-1,checked,0.0,0.0,-4,1/2
census-neg-ac-p34-rtz-rup,8,8,10,2,2,3,3,9,0,checked,0.0,0.003999441999999576,-4,9/16
census-neg-ac-p34-rtz-rdn,8,8,10,2,2,3,3,5,-1,checked,0.0,0.0,-4,5/16
census-neg-ac-p34-rtz-rtz,8,8,10,2,2,3,3,9,0,checked,0.0,0.003999032000000291,-4,9/16
census-neg-ac-p35-rne-rne,8,8,12,2,2,3,4,4,-2,checked,0.0,0.0,-4,1/4
census-neg-ac-p35-rne-rup,8,8,12,2,2,3,4,5,-1,checked,0.0,0.004002135999999545,-4,5/16
census-neg-ac-p35-rne-rdn,8,8,12,2,2,3,4,4,-2,checked,0.0,0.0,-4,1/4
census-neg-ac-p35-rne-rtz,8,8,12,2,2,3,4,5,-1,checked,0.0,0.00399846100000012,-4,5/16
census-neg-ac-p35-rup-rne,8,8,10,2,2,3,3,6,-1,checked,0.0,0.0,-4,3/8
census-neg-ac-p35-rup-rup,8,8,10,2,2,3,3,7,-1,checked,0.0,0.0040083549999998525,-4,7/16
census-neg-ac-p35-rup-rdn,8,8,10,2,2,3,3,6,-1,checked,0.0,0.0,-4,3/8
census-neg-ac-p35-rup-rtz,8,8,10,2,2,3,3,7,-1,checked,0.0,0.003996218000000162,-4,7/16
census-neg-ac-p35-rdn-rne,8,8,10,2,2,3,3,5,-1,checked,0.0,0.0,-4,5/16
census-neg-ac-p35-rdn-rup,8,8,10,2,2,3,3,4,-2,checked,0.0,0.003998140000000205,-4,1/4
census-neg-ac-p35-rdn-rdn,8,8,10,2,2,3,3,5,-1,checked,0.0,0.0,-4,5/16
census-neg-ac-p35-rdn-rtz,8,8,10,2,2,3,3,4,-2,checked,0.0,0.003999421999999697,-4,1/4
census-neg-ac-p35-rtz-rne,8,8,10,2,2,3,3,6,-1,checked,0.0,0.0,-4,3/8
census-neg-ac-p35-rtz-rup,8,8,10,2,2,3,3,7,-1,checked,0.0,0.003999593000000523,-4,7/16
census-neg-ac-p35-rtz-rdn,8,8,10,2,2,3,3,6,-1,checked,0.0,0.0,-4,3/8
census-neg-ac-p35-rtz-rtz,8,8,10,2,2,3,3,7,-1,checked,0.0,0.004000573999999979,-4,7/16
census-neg-ac-p43-rne-rne,8,8,12,2,2,3,4,2,-3,checked,0.0,0.0,-4,1/8
census-neg-ac-p43-rne-rup,8,8,12,2,2,3,3,8,-1,checked,0.0,0.004000653999999493,-4,1/2
census-neg-ac-p43-rne-rdn,8,8,12,2,2,3,3,8,-1,checked,0.0,0.0,-4,1/2
census-neg-ac-p43-rne-rtz,8,8,12,2,2,3,3,8,-1,checked,0.0,0.003999562000000623,-4,1/2
census-neg-ac-p43-rup-rne,8,8,10,2,2,3,4,2,-3,checked,0.0,0.0,-4,1/8
census-neg-ac-p43-rup-rup,8,8,10,2,2,3,3,9,0,checked,0.0,0.004002056000000032,-4,9/16
census-neg-ac-p43-rup-rdn,8,8,10,2,2,3,3,2,-3,checked,0.0,0.0,-4,1/8
census-neg-ac-p43-rup-rtz,8,8,10,2,2,3,3,9,0,checked,0.003999251999999842,0.0,-4,9/16
census-neg-ac-p43-rdn-rne,8,8,12,2,2,3,4,2,-3,checked,0.0,0.0,-4,1/8
census-neg-ac-p43-rdn-rup,8,8,12,2,2,3,3,7,-1,checked,0.003999612999999513,0.0,-4,7/16
census-neg-ac-p43-rdn-rdn,8,8,12,2,2,3,3,9,0,checked,0.0,0.0,-4,9/16
census-neg-ac-p43-rdn-rtz,8,8,12,2,2,3,3,7,-1,checked,0.0040072440000002985,0.0,-4,7/16
census-neg-ac-p43-rtz-rne,8,8,10,2,2,3,4,2,-3,checked,0.0,0.0,-4,1/8
census-neg-ac-p43-rtz-rup,8,8,10,2,2,3,3,9,0,checked,0.003991940999999777,0.0,-4,9/16
census-neg-ac-p43-rtz-rdn,8,8,10,2,2,3,3,2,-3,checked,0.0,0.0,-4,1/8
census-neg-ac-p43-rtz-rtz,8,8,10,2,2,3,3,9,0,checked,0.003996658000000153,0.0,-4,9/16
census-neg-ac-p44-rne-rne,8,8,12,2,2,2,3,3,-2,checked,0.0,0.004002115999999667,-4,3/16
census-neg-ac-p44-rne-rup,8,8,12,2,2,2,3,4,-2,checked,0.0,0.0,-4,1/4
census-neg-ac-p44-rne-rdn,8,8,12,2,2,2,3,4,-2,checked,0.0,0.004000063000000331,-4,1/4
census-neg-ac-p44-rne-rtz,8,8,12,2,2,2,3,4,-2,checked,0.0,0.0,-4,1/4
census-neg-ac-p44-rup-rne,8,8,10,2,2,2,3,2,-3,checked,0.0,0.004000404000000124,-4,1/8
census-neg-ac-p44-rup-rup,8,8,10,2,2,2,2,5,-1,checked,0.0,0.0,-4,5/16
census-neg-ac-p44-rup-rdn,8,8,10,2,2,2,2,2,-3,checked,0.0,0.003999062000000109,-4,1/8
census-neg-ac-p44-rup-rtz,8,8,10,2,2,2,2,5,-1,checked,0.0,0.0,-4,5/16
census-neg-ac-p44-rdn-rne,8,8,12,2,2,2,3,4,-2,checked,0.0,0.003998741000000194,-4,1/4
census-neg-ac-p44-rdn-rup,8,8,10,2,2,2,2,3,-2,checked,0.0,0.0,-4,3/16
census-neg-ac-p44-rdn-rdn,8,8,10,2,2,2,2,5,-1,checked,0.0,0.003999362000000062,-4,5/16
census-neg-ac-p44-rdn-rtz,8,8,10,2,2,2,2,3,-2,checked,0.0,0.0,-4,3/16
census-neg-ac-p44-rtz-rne,8,8,10,2,2,2,3,2,-3,checked,0.004033401999999242,0.0,-4,1/8
census-neg-ac-p44-rtz-rup,8,8,10,2,2,2,2,5,-1,checked,0.0,0.0,-4,5/16
census-neg-ac-p44-rtz-rdn,8,8,10,2,2,2,2,2,-3,checked,0.003970590000000662,0.0,-4,1/8
census-neg-ac-p44-rtz-rtz,8,8,10,2,2,2,2,5,-1,checked,0.0,0.0,-4,5/16
census-neg-ac-p45-rne-rne,8,8,12,2,2,3,3,3,-2,checked,0.003999181999999379,0.0,-4,3/16
census-neg-ac-p45-rne-rup,8,8,12,2,2,3,3,2,-3,checked,0.0,0.0,-4,1/8
census-neg-ac-p45-rne-rdn,8,8,12,2,2,3,3,3,-2,checked,0.004008075000000666,0.0,-4,3/16
census-neg-ac-p45-rne-rtz,8,8,12,2,2,3,3,2,-3,checked,0.0,0.004729142999999603,-4,1/8
census-neg-ac-p45-rup-rne,8,8,10,2,2,3,2,2,-3,checked,0.0,0.00326890000000013,-4,1/8
census-neg-ac-p45-rup-rup,8,8,10,2,2,3,2,3,-2,checked,0.0,0.0,-4,3/16
census-neg-ac-p45-rup-rdn,8,8,10,2,2,3,2,2,-3,checked,0.0,0.003994124000000099,-4,1/8
census-neg-ac-p45-rup-rtz,8,8,10,2,2,3,2,3,-2,checked,0.0,0.0,-4,3/16
census-neg-ac-p45-rdn-rne,8,8,10,2,2,3,2,4,-2,checked,0.0,0.003998681999999754,-4,1/4
census-neg-ac-p45-rdn-rup,8,8,10,2,2,3,2,3,-2,checked,0.0,0.0,-4,3/16
census-neg-ac-p45-rdn-rdn,8,8,10,2,2,3,2,4,-2,checked,0.0,0.004000714000000016,-4,1/4
census-neg-ac-p45-rdn-rtz,8,8,10,2,2,3,2,3,-2,checked,0.0,0.0,-4,3/16
census-neg-ac-p45-rtz-rne,8,8,10,2,2,3,2,2,-3,checked,0.0,0.003997578999999973,-4,1/8
census-neg-ac-p45-rtz-rup,8,8,10,2,2,3,2,3,-2,checked,0.0,0.0,-4,3/16
census-neg-ac-p45-rtz-rdn,8,8,10,2,2,3,2,2,-3,checked,0.0,0.004003488000000388,-4,1/8
census-neg-ac-p45-rtz-rtz,8,8,10,2,2,3,2,3,-2,checked,0.0,0.0,-4,3/16
census-neg-ac-p53-rne-rne,8,8,12,2,2,3,4,2,-3,checked,0.0,0.00399846100000012,-4,1/8
census-neg-ac-p53-rne-rup,8,8,12,2,2,3,3,8,-1,checked,0.0,0.0,-4,1/2
census-neg-ac-p53-rne-rdn,8,8,12,2,2,3,3,7,-1,checked,0.0,0.003998530999999694,-4,7/16
census-neg-ac-p53-rne-rtz,8,8,12,2,2,3,3,8,-1,checked,0.0,0.0,-4,1/2
census-neg-ac-p53-rup-rne,8,8,12,2,2,3,4,2,-3,checked,0.0,0.0040030079999997525,-4,1/8
census-neg-ac-p53-rup-rup,8,8,12,2,2,3,3,8,-1,checked,0.0,0.0,-4,1/2
census-neg-ac-p53-rup-rdn,8,8,12,2,2,3,3,7,-1,checked,0.0,0.003998920999999989,-4,7/16
census-neg-ac-p53-rup-rtz,8,8,12,2,2,3,3,8,-1,checked,0.0,0.0,-4,1/2
census-neg-ac-p53-rdn-rne,8,8,12,2,2,3,4,2,-3,checked,0.0,0.004003659000000326,-4,1/8
census-neg-ac-p53-rdn-rup,8,8,12,2,2,3,3,7,-1,checked,0.0,0.0,-4,7/16
census-neg-ac-p53-rdn-rdn,8,8,12,2,2,3,3,8,-1,checked,0.0,0.003995225999999796,-4,1/2
census-neg-ac-p53-rdn-rtz,8,8,12,2,2,3,3,7,-1,checked,0.0,0.0,-4,7/16
census-neg-ac-p53-rtz-rne,8,8,12,2,2,3,4,2,-3,checked,0.0,0.004000193000000429,-4,1/8
census-neg-ac-p53-rtz-rup,8,8,12,2,2,3,3,8,-1,checked,0.0,0.0,-4,1/2
census-neg-ac-p53-rtz-rdn,8,8,12,2,2,3,3,7,-1,checked,0.0,0.004000042999999565,-4,7/16
census-neg-ac-p53-rtz-rtz,8,8,12,2,2,3,3,8,-1,checked,0.0,0.0,-4,1/2
census-neg-ac-p54-rne-rne,8,8,12,2,2,3,3,2,-3,checked,0.0,0.004003167999999668,-4,1/8
census-neg-ac-p54-rne-rup,8,8,12,2,2,3,2,4,-2,checked,0.0,0.0,-4,1/4
census-neg-ac-p54-rne-rdn,8,8,12,2,2,3,2,3,-2,checked,0.0,0.003998661000000681,-4,3/16
census-neg-ac-p54-rne-rtz,8,8,12,2,2,3,2,4,-2,checked,0.0,0.0,-4,1/4
census-neg-ac-p54-rup-rne,8,8,12,2,2,3,3,2,-3,checked,0.0,0.003999362000000062,-4,1/8
census-neg-ac-p54-rup-rup,8,8,12,2,2,3,2,4,-2,checked,0.0,0.0,-4,1/4
census-neg-ac-p54-rup-rdn,8,8,12,2,2,3,2,3,-2,checked,0.0,0.004000833999999287,-4,3/16
census-neg-ac-p54-rup-rtz,8,8,12,2,2,3,2,4,-2,checked,0.0,0.0,-4,1/4
census-neg-ac-p54-rdn-rne,8,8,12,2,2,3,3,2,-3,checked,0.0,0.003999142000000511,-4,1/8
census-neg-ac-p54-rdn-rup,8,8,12,2,2,3,2,3,-2,checked,0.0,0.0,-4,3/16
census-neg-ac-p54-rdn-rdn,8,8,12,2,2,3,2,4,-2,checked,0.0,0.004001054999999809,-4,1/4
census-neg-ac-p54-rdn-rtz,8,8,12,2,2,3,2,3,-2,checked,0.0,0.0,-4,3/16
census-neg-ac-p54-rtz-rne,8,8,12,2,2,3,3,2,-3,checked,0.0,0.003998680999999671,-4,1/8
census-neg-ac-p54-rtz-rup,8,8,12,2,2,3,2,4,-2,checked,0.0,0.0,-4,1/4
census-neg-ac-p54-rtz-rdn,8,8,12,2,2,3,2,3,-2,checked,0.0,0.0040004640000006475,-4,3/16
census-neg-ac-p54-rtz-rtz,8,8,12,2,2,3,2,4,-2,checked,0.0,0.0,-4,1/4
census-neg-ac-p55-rne-rne,8,8,12,2,2,2,2,1,-4,checked,0.0,0.004000122999999967,-4,1/16
census-neg-ac-p55-rne-rup,8,8,12,2,2,2,2,2,-3,checked,0.0,0.0,-4,1/8
census-neg-ac-p55-rne-rdn,8,8,12,2,2,2,2,1,-4,checked,0.0,0.003999362000000062,-4,1/16
census-neg-ac-p55-rne-rtz,8,8,12,2,2,2,2,2,-3,checked,0.0,0.0,-4,1/8
census-neg-ac-p55-rup-rne,8,8,12,2,2,2,2,1,-4,checked,0.0,0.0039999929999998685,-4,1/16
census-neg-ac-p55-rup-rup,8,8,10,2,2,2,1,2,-3,checked,0.0,0.0,-4,1/8
census-neg-ac-p55-rup-rdn,8,8,10,2,2,2,1,1,-4,checked,0.0,0.00401155999999947,-4,1/16
census-neg-ac-p55-rup-rtz,8,8,10,2,2,2,1,2,-3,checked,0.0,0.0,-4,1/8
census-neg-ac-p55-rdn-rne,8,8,12,2,2,2,2,1,-4,checked,0.0,0.003992302000000336,-4,1/16
census-neg-ac-p55-rdn-rup,8,8,10,2,2,2,1,1,-4,checked,0.0,0.0,-4,1/16
census-neg-ac-p55-rdn-rdn,8,8,10,2,2,2,1,2,-3,checked,0.0,0.004001275000000248,-4,1/8
census-neg-ac-p55-rdn-rtz,8,8,10,2,2,2,1,1,-4,checked,0.0,0.003995606999999346,-4,1/16
census-neg-ac-p55-rtz-rne,8,8,12,2,2,2,2,1,-4,checked,0.0,0.0,-4,1/16
census-neg-ac-p55-rtz-rup,8,8,10,2,2,2,1,2,-3,checked,0.0,0.0039999530000001116,-4,1/8
census-neg-ac-p55-rtz-rdn,8,8,10,2,2,2,1,1,-4,checked,0.0,0.0,-4,1/16
census-neg-ac-p55-rtz-rtz,8,8,10,2,2,2,1,2,-3,checked,0.0,0.003999832999999953,-4,1/8
census-neg-bc-p33-rne-rne,8,8,10,2,2,2,4,2,-3,checked,0.0,0.0,-4,1/8
census-neg-bc-p33-rne-rup,8,8,10,2,2,2,4,2,-3,checked,0.0,0.004001764999999935,-4,1/8
census-neg-bc-p33-rne-rdn,8,8,10,2,2,2,4,9,0,checked,0.0,0.0,-4,9/16
census-neg-bc-p33-rne-rtz,8,8,10,2,2,2,4,2,-3,checked,0.0,0.0039985610000004,-4,1/8
census-neg-bc-p33-rup-rne,8,8,12,2,2,2,4,8,-1,checked,0.0,0.0,-4,1/2
census-neg-bc-p33-rup-rup,8,8,10,2,2,2,3,8,-1,checked,0.0,0.004003649000000387,-4,1/2
census-neg-bc-p33-rup-rdn,8,8,10,2,2,2,3,7,-1,checked,0.0,0.0,-4,7/16
census-neg-bc-p33-rup-rtz,8,8,10,2,2,2,3,8,-1,checked,0.0,0.003999180999999297,-4,1/2
census-neg-bc-p33-rdn-rne,8,8,10,2,2,2,4,2,-3,checked,0.0,0.0,-4,1/8
census-neg-bc-p33-rdn-rup,8,8,10,2,2,2,3,2,-3,checked,0.0,0.003998231000000629,-4,1/8
census-neg-bc-p33-rdn-rdn,8,8,10,2,2,2,3,9,0,checked,0.0,0.0,-4,9/16
census-neg-bc-p33-rdn-rtz,8,8,10,2,2,2,3,2,-3,checked,0.0,0.003996668000000092,-4,1/8
census-neg-bc-p33-rtz-rne,8,8,12,2,2,2,4,8,-1,checked,0.0,0.0,-4,1/2
census-neg-bc-p33-rtz-rup,8,8,10,2,2,2,3,8,-1,checked,0.004003497999999439,0.0,-4,1/2
census-neg-bc-p33-rtz-rdn,8,8,10,2,2,2,3,7,-1,checked,0.0,0.0,-4,7/16
census-neg-bc-p33-rtz-rtz,8,8,10,2,2,2,3,8,-1,checked,0.004000053000000392,0.0,-4,1/2
census-neg-bc-p34-rne-rne,8,8,10,2,2,3,4,2,-3,checked,0.0,0.003998260999999559,-4,1/8
census-neg-bc-p34-rne-rup,8,8,10,2,2,3,4,2,-3,checked,0.0,0.0,-4,1/8
census-neg-bc-p34-rne-rdn,8,8,10,2,2,3,4,5,-1,checked,0.0,0.003999292000000487,-4,5/16
census-neg-bc-p34-rne-rtz,8,8,10,2,2,3,4,2,-3,checked,0.0,0.0,-4,1/8
census-neg-bc-p34-rup-rne,8,8,10,2,2,3,3,8,-1,checked,0.0,0.004008445999999388,-4,1/2
census-neg-bc-p34-rup-rup,8,8,10,2,2,3,3,8,-1,checked,0.0,0.0,-4,1/2
census-neg-bc-p34-rup-rdn,8,8,10,2,2,3,3,7,-1,checked,0.0,0.003992882000000364,-4,7/16
census-neg-bc-p34-rup-rtz,8,8,10,2,2,3,3,8,-1,checked,0.0,0.004001214999999725,-4,1/2
census-neg-bc-p34-rdn-rne,8,8,10,2,2,3,3,2,-3,checked,0.0,0.0,-4,1/8
census-neg-bc-p34-rdn-rup,8,8,10,2,2,3,3,2,-3,checked,0.0,0.003997940000000533,-4,1/8
census-neg-bc-p34-rdn-rdn,8,8,10,2,2,3,3,5,-1,checked,0.0,0.0,-4,5/16
census-neg-bc-p34-rdn-rtz,8,8,10,2,2,3,3,2,-3,checked,0.0,0.003999031999999403,-4,1/8
census-neg-bc-p34-rtz-rne,8,8,10,2,2,3,3,8,-1,checked,0.0,0.0,-4,1/2
census-neg-bc-p34-rtz-rup,8,8,10,2,2,3,3,8,-1,checked,0.0,0.004000173000000551,-4,1/2
census-neg-bc-p34-rtz-rdn,8,8,10,2,2,3,3,7,-1,checked,0.0,0.0,-4,7/16
census-neg-bc-p34-rtz-rtz,8,8,10,2,2,3,3,8,-1,checked,0.0,0.004002766999999352,-4,1/2
census-neg-bc-p35-rne-rne,8,8,10,2,2,3,4,2,-3,checked,0.0,0.0,-4,1/8
census-neg-bc-p35-rne-rup,8,8,10,2,2,3,4,2,-3,checked,0.0,0.003997570000000117,-4,1/8
census-neg-bc-p35-rne-rdn,8,8,10,2,2,3,4,3,-2,checked,0.0,0.0,-4,3/16
census-neg-bc-p35-rne-rtz,8,8,10,2,2,3,4,2,-3,checked,0.0,0.0040002030000003685,-4,1/8
census-neg-bc-p35-rup-rne,8,8,10,2,2,3,3,8,-1,checked,0.0,0.0,-4,1/2
census-neg-bc-p35-rup-rup,8,8,10,2,2,3,3,8,-1,checked,0.0,0.004011529999999652,-4,1/2
census-neg-bc-p35-rup-rdn,8,8,10,2,2,3,3,7,-1,checked,0.0,0.0,-4,7/16
census-neg-bc-p35-rup-rtz,8,8,10,2,2,3,3,8,-1,checked,0.0,0.003996438000000602,-4,1/2
census-neg-bc-p35-rdn-rne,8,8,10,2,2,3,3,2,-3,checked,0.0,0.0,-4,1/8
census-neg-bc-p35-rdn-rup,8,8,10,2,2,3,3,2,-3,checked,0.0,0.003993442999999708,-4,1/8
census-neg-bc-p35-rdn-rdn,8,8,10,2,2,3,3,3,-2,checked,0.0,0.004000414000000063,-4,3/16
census-neg-bc-p35-rdn-rtz,8,8,10,2,2,3,3,2,-3,checked,0.0,0.0,-4,1/8
census-neg-bc-p35-rtz-rne,8,8,10,2,2,3,3,8,-1,checked,0.0,0.00400045399999982,-4,1/2
census-neg-bc-p35-rtz-rup,8,8,10,2,2,3,3,8,-1,checked,0.0,0.004445778000000011,-4,1/2
census-neg-bc-p35-rtz-rdn,8,8,10,2,2,3,3,7,-1,checked,0.0,0.0050120319999997776,-4,7/16
census-neg-bc-p35-rtz-rtz,8,8,10,2,2,3,3,8,-1,checked,0.0,0.0039967680000003725,-4,1/2
census-neg-bc-p43-rne-rne,8,8,10,2,2,3,4,2,-3,checked,0.0,0.0025432560000000493,-4,1/8
census-neg-bc-p43-rne-rup,8,8,10,2,2,3,3,2,-3,checked,0.0,0.004003287999999827,-4,1/8
census-neg-bc-p43-rne-rdn,8,8,10,2,2,3,3,9,0,checked,0.0,0.004001024999999991,-4,9/16
census-neg-bc-p43-rne-rtz,8,8,10,2,2,3,3,2,-3,checked,0.0,0.004000393000000102,-4,1/8
census-neg-bc-p43-rup-rne,8,8,12,2,2,3,4,7,-1,checked,0.003999302999999621,0.00399831000000006,-4,7/16
census-neg-bc-p43-rup-rup,8,8,12,2,2,3,3,8,-1,checked,0.0,0.0,-4,1/2
census-neg-bc-p43-rup-rdn,8,8,12,2,2,3,3,7,-1,checked,0.004441367000000085,0.0,-4,7/16
census-neg-bc-p43-rup-rtz,8,8,12,2,2,3,3,8,-1,checked,0.004004680000000427,0.004007964999999558,-4,1/2
census-neg-bc-p43-rdn-rne,8,8,10,2,2,3,4,2,-3,checked,0.0,0.003986903000000375,-4,1/8
census-neg-bc-p43-rdn-rup,8,8,10,2,2,3,3,2,-3,checked,0.0,0.0,-4,1/8
census-neg-bc-p43-rdn-rdn,8,8,10,2,2,3,3,9,0,checked,0.0,0.005006823999999632,-4,9/16
census-neg-bc-p43-rdn-rtz,8,8,10,2,2,3,3,2,-3,checked,0.0,0.004032792000000285,-4,1/8
census-neg-bc-p43-rtz-rne,8,8,12,2,2,3,4,7,-1,checked,0.0,0.0025206820000001073,-4,7/16
census-neg-bc-p43-rtz-rup,8,8,12,2,2,3,3,8,-1,checked,0.0,0.0,-4,1/2
census-neg-bc-p43-rtz-rdn,8,8,12,2,2,3,3,7,-1,checked,0.0,0.004983819999999639,-4,7/16
census-neg-bc-p43-rtz-rtz,8,8,12,2,2,3,3,8,-1,checked,0.0,0.0,-4,1/2
census-neg-bc-p44-rne-rne,8,8,10,2,2,2,3,2,-3,checked,0.0,0.00321697299999979,-4,1/8
census-neg-bc-p44-rne-rup,8,8,10,2,2,2,3,2,-3,checked,0.0,0.003767629000000383,-4,1/8
census-neg-bc-p44-rne-rdn,8,8,10,2,2,2,3,5,-1,checked,0.0,0.0,-4,5/16
census-neg-bc-p44-rne-rtz,8,8,10,2,2,2,3,2,-3,checked,0.003995266999999636,0.0,-4,1/8
census-neg-bc-p44-rup-rne,8,8,12,2,2,2,3,4,-2,checked,0.0,0.00399993200000015,-4,1/4
census-neg-bc-p44-rup-rup,8,8,10,2,2,2,2,4,-2,checked,0.0,0.0,-4,1/4
census-neg-bc-p44-rup-rdn,8,8,10,2,2,2,2,3,-2,checked,0.0,0.004002987999999874,-4,3/16
census-neg-bc-p44-rup-rtz,8,8,10,2,2,2,2,4,-2,checked,0.0,0.0,-4,1/4
census-neg-bc-p44-rdn-rne,8,8,10,2,2,2,3,2,-3,checked,0.0,0.00399763000000064,-4,1/8
census-neg-bc-p44-rdn-rup,8,8,10,2,2,2,2,2,-3,checked,0.0,0.0,-4,1/8
census-neg-bc-p44-rdn-rdn,8,8,10,2,2,2,2,5,-1,checked,0.0,0.004000142999999845,-4,5/16
census-neg-bc-p44-rdn-rtz,8,8,10,2,2,2,2,2,-3,checked,0.0,0.0,-4,1/8
census-neg-bc-p44-rtz-rne,8,8,12,2,2,2,3,4,-2,checked,0.0,0.004001534999999556,-4,1/4
census-neg-bc-p44-rtz-rup,8,8,10,2,2,2,2,4,-2,checked,0.0,0.0,-4,1/4
census-neg-bc-p44-rtz-rdn,8,8,10,2,2,2,2,3,-2,checked,0.0,0.003999583000000584,-4,3/16
census-neg-bc-p44-rtz-rtz,8,8,10,2,2,2,2,4,-2,checked,0.0,0.0,-4,1/4
census-neg-bc-p45-rne-rne,8,8,10,2,2,3,3,2,-3,checked,0.0,0.004049014999999656,-4,1/8
census-neg-bc-p45-rne-rup,8,8,10,2,2,3,3,2,-3,checked,0.0,0.0,-4,1/8
census-neg-bc-p45-rne-rdn,8,8,10,2,2,3,3,3,-2,checked,0.003949518999999846,0.0,-4,3/16
census-neg-bc-p45-rne-rtz,8,8,10,2,2,3,3,2,-3,checked,0.0,0.0040027370000004225,-4,1/8
census-neg-bc-p45-rup-rne,8,8,10,2,2,3,2,4,-2,checked,0.0,0.0,-4,1/4
census-neg-bc-p45-rup-rup,8,8,10,2,2,3,2,4,-2,checked,0.0,0.004184716000000144,-4,1/4
census-neg-bc-p45-rup-rdn,8,8,10,2,2,3,2,3,-2,checked,0.0,0.0,-4,3/16
census-neg-bc-p45-rup-rtz,8,8,10,2,2,3,2,4,-2,checked,0.0,0.0038148890000000435,-4,1/4
census-neg-bc-p45-rdn-rne,8,8,10,2,2,3,2,2,-3,checked,0.0,0.0,-4,1/8
census-neg-bc-p45-rdn-rup,8,8,10,2,2,3,2,2,-3,checked,0.0,0.003999722999999733,-4,1/8
census-neg-bc-p45-rdn-rdn,8,8,10,2,2,3,2,3,-2,checked,0.0,0.0,-4,3/16
census-neg-bc-p45-rdn-rtz,8,8,10,2,2,3,2,2,-3,checked,0.0,0.00414336500000001,-4,1/8
census-neg-bc-p45-rtz-rne,8,8,10,2,2,3,2,4,-2,checked,0.0,0.0,-4,1/4
census-neg-bc-p45-rtz-rup,8,8,10,2,2,3,2,4,-2,checked,0.003855599999999626,0.0,-4,1/4
census-neg-bc-p45-rtz-rdn,8,8,10,2,2,3,2,3,-2,checked,0.0,0.0,-4,3/16
census-neg-bc-p45-rtz-rtz,8,8,10,2,2,3,2,4,-2,checked,0.004001305000000066,0.0,-4,1/4
census-neg-bc-p53-rne-rne,8,8,12,2,2,3,4,2,-3,checked,0.0,0.0,-4,1/8
census-neg-bc-p53-rne-rup,8,8,12,2,2,3,3,7,-1,checked,0.0,0.0039980599999998034,-4,7/16
census-neg-bc-p53-rne-rdn,8,8,12,2,2,3,3,8,-1,checked,0.0,0.0,-4,1/2
census-neg-bc-p53-rne-rtz,8,8,12,2,2,3,3,7,-1,checked,0.004002797000000058,0.0,-4,7/16
census-neg-bc-p53-rup-rne,8,8,12,2,2,3,4,2,-3,checked,0.0,0.0,-4,1/8
census-neg-bc-p53-rup-rup,8,8,12,2,2,3,3,8,-1,checked,0.0,0.003998411000000424,-4,1/2
census-neg-bc-p53-rup-rdn,8,8,12,2,2,3,3,7,-1,checked,0.0,0.0,-4,7/16
census-neg-bc-p53-rup-rtz,8,8,12,2,2,3,3,8,-1,checked,0.003998471000000059,0.0,-4,1/2
census-neg-bc-p53-rdn-rne,8,8,12,2,2,3,4,2,-3,checked,0.0,0.004001295000000127,-4,1/8
census-neg-bc-p53-rdn-rup,8,8,12,2,2,3,3,7,-1,checked,0.0,0.0,-4,7/16
census-neg-bc-p53-rdn-rdn,8,8,12,2,2,3,3,8,-1,checked,0.0,0.0,-4,1/2
census-neg-bc-p53-rdn-rtz,8,8,12,2,2,3,3,7,-1,checked,0.00399832,0.0,-4,7/16
census-neg-bc-p53-rtz-rne,8,8,12,2,2,3,4,2,-3,checked,0.0,0.003999582999999696,-4,1/8
census-neg-bc-p53-rtz-rup,8,8,12,2,2,3,3,8,-1,checked,0.0,0.0,-4,1/2
census-neg-bc-p53-rtz-rdn,8,8,12,2,2,3,3,7,-1,checked,0.0,0.003999681999999893,-4,7/16
census-neg-bc-p53-rtz-rtz,8,8,12,2,2,3,3,8,-1,checked,0.0,0.0,-4,1/2
census-neg-bc-p54-rne-rne,8,8,12,2,2,3,3,2,-3,checked,0.0,0.004011790999999931,-4,1/8
census-neg-bc-p54-rne-rup,8,8,12,2,2,3,2,3,-2,checked,0.0,0.0,-4,3/16
census-neg-bc-p54-rne-rdn,8,8,12,2,2,3,2,4,-2,checked,0.0,0.003988886000000136,-4,1/4
census-neg-bc-p54-rne-rtz,8,8,12,2,2,3,2,3,-2,checked,0.0,0.0,-4,3/16
census-neg-bc-p54-rup-rne,8,8,12,2,2,3,3,2,-3,checked,0.0,0.0040001339999999885,-4,1/8
census-neg-bc-p54-rup-rup,8,8,12,2,2,3,2,4,-2,checked,0.0,0.0,-4,1/4
census-neg-bc-p54-rup-rdn,8,8,12,2,2,3,2,3,-2,checked,0.0,0.003999212000000085,-4,3/16
census-neg-bc-p54-rup-rtz,8,8,12,2,2,3,2,4,-2,checked,0.0,0.0,-4,1/4
census-neg-bc-p54-rdn-rne,8,8,12,2,2,3,3,2,-3,checked,0.0,0.0040040289999998535,-4,1/8
census-neg-bc-p54-rdn-rup,8,8,12,2,2,3,2,3,-2,checked,0.0,0.0,-4,3/16
census-neg-bc-p54-rdn-rdn,8,8,12,2,2,3,2,4,-2,checked,0.0,0.003999181000000185,-4,1/4
census-neg-bc-p54-rdn-rtz,8,8,12,2,2,3,2,3,-2,checked,0.0,0.0,-4,3/16
census-neg-bc-p54-rtz-rne,8,8,12,2,2,3,3,2,-3,checked,0.0,0.003999582999999696,-4,1/8
census-neg-bc-p54-rtz-rup,8,8,12,2,2,3,2,4,-2,checked,0.0,0.0,-4,1/4
census-neg-bc-p54-rtz-rdn,8,8,12,2,2,3,2,3,-2,checked,0.0,0.003999502000000099,-4,3/16
census-neg-bc-p54-rtz-rtz,8,8,12,2,2,3,2,4,-2,checked,0.0,0.0,-4,1/4
census-neg-bc-p55-rne-rne,8,8,12,2,2,2,2,1,-4,checked,0.0,0.00400163599999992,-4,1/16
census-neg-bc-p55-rne-rup,8,8,12,2,2,2,2,1,-4,checked,0.0,0.0,-4,1/16
census-neg-bc-p55-rne-rdn,8,8,12,2,2,2,2,2,-3,checked,0.003997940000000533,0.0,-4,1/8
census-neg-bc-p55-rne-rtz,8,8,12,2,2,2,2,1,-4,checked,0.0,0.0,-4,1/16
census-neg-bc-p55-rup-rne,8,8,12,2,2,2,2,1,-4,checked,0.003999040999999259,0.0,-4,1/16
census-neg-bc-p55-rup-rup,8,8,10,2,2,2,1,2,-3,checked,0.0,0.0040019460000007,-4,1/8
census-neg-bc-p55-rup-rdn,8,8,10,2,2,2,1,1,-4,checked,0.0,0.004005130999999551,-4,1/16
census-neg-bc-p55-rup-rtz,8,8,10,2,2,2,1,2,-3,checked,0.0,0.0,-4,1/8
census-neg-bc-p55-rdn-rne,8,8,12,2,2,2,2,1,-4,checked,0.0,0.003993713999999926,-4,1/16
census-neg-bc-p55-rdn-rup,8,8,10,2,2,2,1,1,-4,checked,0.0,0.0,-4,1/16
census-neg-bc-p55-rdn-rdn,8,8,10,2,2,2,1,2,-3,checked,0.0,0.004003538000000084,-4,1/8
census-neg-bc-p55-rdn-rtz,8,8,10,2,2,2,1,1,-4,checked,0.0,0.0,-4,1/16
census-neg-bc-p55-rtz-rne,8,8,12,2,2,2,2,1,-4,checked,0.0,0.003998431000000302,-4,1/16
census-neg-bc-p55-rtz-rup,8,8,10,2,2,2,1,2,-3,checked,0.0,0.0,-4,1/8
census-neg-bc-p55-rtz-rdn,8,8,10,2,2,2,1,1,-4,checked,0.0,0.003998870999999404,-4,1/16
census-neg-bc-p55-rtz-rtz,8,8,10,2,2,2,1,2,-3,checked,0.0,0.0,-4,1/8
challenge-normal-pos-left-p354-nnn,16,16,22,3,3,4,4,4,-2,checked,0.0,0.004000484000000526,-4,1/4
challenge-normal-pos-left-p354-uuu,16,16,24,3,3,4,3,14,0,checked,0.003999813000000074,0.004013332999999619,-4,7/8
challenge-normal-pos-left-p354-ddd,16,16,22,3,3,4,3,4,-2,checked,0.0,0.003966354000000116,-4,1/4
challenge-normal-pos-left-p354-zzz,16,16,22,3,3,4,3,4,-2,checked,0.0,0.004000753999999773,-4,1/4
challenge-normal-pos-left-p354-nud,16,16,24,3,3,4,4,4,-2,checked,0.0,0.003998741000000194,-4,1/4
challenge-normal-pos-left-p354-udz,16,16,22,3,3,4,3,7,-1,checked,0.0,0.004000934000000456,-4,7/16
challenge-normal-pos-left-p354-dzn,16,16,22,3,3,4,4,4,-2,checked,0.0,0.004001855999999471,-4,1/4
challenge-normal-pos-left-p354-znu,16,16,22,3,3,4,3,7,-1,checked,0.0,0.0039994430000005465,-4,7/16
challenge-normal-pos-left-p534-nnn,16,16,26,3,3,4,4,4,-2,checked,0.0,0.003999711999999711,-4,1/4
challenge-normal-pos-left-p534-uuu,16,16,26,3,3,4,3,14,0,checked,0.0,0.004001815999999714,-4,7/8
challenge-normal-pos-left-p534-ddd,16,16,26,3,3,4,3,4,-2,checked,0.0,0.007997823000000182,-4,1/4
challenge-normal-pos-left-p534-zzz,16,16,26,3,3,4,3,4,-2,checked,0.0,0.003998780999999951,-4,1/4
challenge-normal-pos-left-p534-nud,16,16,26,3,3,4,3,7,-1,checked,0.0,0.004000644000000442,-4,7/16
challenge-normal-pos-left-p534-udz,16,16,26,3,3,4,3,4,-2,checked,0.0,0.003998932000000011,-4,1/4
challenge-normal-pos-left-p534-dzn,16,16,26,3,3,4,4,4,-2,checked,0.0,0.004009115999999757,-4,1/4
challenge-normal-pos-left-p534-znu,16,16,26,3,3,4,4,7,-1,checked,0.0,0.003991731000000165,-4,7/16
challenge-normal-pos-midleft-p354-nnn,16,16,22,3,3,4,4,4,-2,checked,0.0,0.004013732999999853,-4,1/4
challenge-normal-pos-midleft-p354-uuu,16,16,24,3,3,4,3,14,0,checked,0.0,0.003980364000000236,-4,7/8
challenge-normal-pos-midleft-p354-ddd,16,16,22,3,3,4,3,4,-2,checked,0.003995946999999944,0.003999201999999258,-4,1/4
challenge-normal-pos-midleft-p354-zzz,16,16,22,3,3,4,3,4,-2,checked,0.0,0.004000313000000588,-4,1/4
challenge-normal-pos-midleft-p354-nud,16,16,24,3,3,4,4,4,-2,checked,0.0,0.008001177999999776,-4,1/4
challenge-normal-pos-midleft-p354-udz,16,16,22,3,3,4,3,7,-1,checked,0.0,0.003999592999999635,-4,7/16
challenge-normal-pos-midleft-p354-dzn,16,16,22,3,3,4,4,4,-2,checked,0.0,0.004002296000000349,-4,1/4
challenge-normal-pos-midleft-p354-znu,16,16,22,3,3,4,3,7,-1,checked,0.0,0.009315554999999698,-4,7/16
challenge-normal-pos-midleft-p534-nnn,16,16,26,3,3,4,4,4,-2,checked,0.0,0.007163567000000093,-4,1/4
challenge-normal-pos-midleft-p534-uuu,16,16,26,3,3,4,3,14,0,checked,0.0,0.0035184700000003843,-4,7/8
challenge-normal-pos-midleft-p534-ddd,16,16,26,3,3,4,3,4,-2,checked,0.0,0.004001514999999678,-4,1/4
challenge-normal-pos-midleft-p534-zzz,16,16,26,3,3,4,3,4,-2,checked,0.0,0.0040002140000003905,-4,1/4
challenge-normal-pos-midleft-p534-nud,16,16,26,3,3,4,3,7,-1,checked,0.0,0.004000072999999382,-4,7/16
challenge-normal-pos-midleft-p534-udz,16,16,26,3,3,4,3,4,-2,checked,0.0,0.008000357000000236,-4,1/4
challenge-normal-pos-midleft-p534-dzn,16,16,26,3,3,4,4,4,-2,checked,0.0,0.003999282000000548,-4,1/4
challenge-normal-pos-midleft-p534-znu,16,16,26,3,3,4,4,7,-1,checked,0.0,0.003998269999999415,-4,7/16
challenge-normal-pos-midright-p354-nnn,16,16,22,3,3,4,4,4,-2,checked,0.0,0.004000684000000199,-4,1/4
challenge-normal-pos-midright-p354-uuu,16,16,24,3,3,4,3,14,0,checked,0.0,0.004001135000000211,-4,7/8
challenge-normal-pos-midright-p354-ddd,16,16,22,3,3,4,3,4,-2,checked,0.0,0.00399928199999966,-4,1/4
challenge-normal-pos-midright-p354-zzz,16,16,22,3,3,4,3,4,-2,checked,0.0,0.003999111999999805,-4,1/4
challenge-normal-pos-midright-p354-nud,16,16,24,3,3,4,4,4,-2,checked,0.0,0.0040024870000001656,-4,1/4
challenge-normal-pos-midright-p354-udz,16,16,22,3,3,4,3,7,-1,checked,0.0,0.004002036000000153,-4,7/16
challenge-normal-pos-midright-p354-dzn,16,16,22,3,3,4,4,4,-2,checked,0.0,0.0039992220000000245,-4,1/4
challenge-normal-pos-midright-p354-znu,16,16,22,3,3,4,3,7,-1,checked,0.003999192000000207,0.003996867999999765,-4,7/16
challenge-normal-pos-midright-p534-nnn,16,16,26,3,3,4,4,4,-2,checked,0.0,0.004000995000000174,-4,1/4
challenge-normal-pos-midright-p534-uuu,16,16,26,3,3,4,3,14,0,checked,0.0,0.003999352000000123,-4,7/8
challenge-normal-pos-midright-p534-ddd,16,16,26,3,3,4,3,4,-2,checked,0.0,0.004001134000000128,-4,1/4
challenge-normal-pos-midright-p534-zzz,16,16,26,3,3,4,3,4,-2,checked,0.0,0.007999925999999213,-4,1/4
challenge-normal-pos-midright-p534-nud,16,16,26,3,3,4,3,7,-1,checked,0.0,0.004000264000000087,-4,7/16
challenge-normal-pos-midright-p534-udz,16,16,26,3,3,4,3,4,-2,checked,0.0,0.004001785999999896,-4,1/4
challenge-normal-pos-midright-p534-dzn,16,16,26,3,3,4,4,4,-2,checked,0.0,0.003999572000000562,-4,1/4
challenge-normal-pos-midright-p534-znu,16,16,26,3,3,4,4,7,-1,checked,0.004000283999999965,0.003996727999999727,-4,7/16
challenge-normal-pos-right-p354-nnn,16,16,22,3,3,4,4,4,-2,checked,0.0,0.004003388000000108,-4,1/4
challenge-normal-pos-right-p354-uuu,16,16,24,3,3,4,3,14,0,checked,0.0,0.003997138999999983,-4,7/8
challenge-normal-pos-right-p354-ddd,16,16,22,3,3,4,3,4,-2,checked,0.0,0.004000322999999639,-4,1/4
challenge-normal-pos-right-p354-zzz,16,16,22,3,3,4,3,4,-2,checked,0.0,0.004000364000000367,-4,1/4
challenge-normal-pos-right-p354-nud,16,16,24,3,3,4,4,4,-2,checked,0.0,0.003999753000000439,-4,1/4
challenge-normal-pos-right-p354-udz,16,16,22,3,3,4,3,7,-1,checked,0.0,0.004000553000000018,-4,7/16
challenge-normal-pos-right-p354-dzn,16,16,22,3,3,4,4,4,-2,checked,0.0,0.004001895999999228,-4,1/4
challenge-normal-pos-right-p354-znu,16,16,22,3,3,4,3,7,-1,checked,0.0,0.003999212000000085,-4,7/16
challenge-normal-pos-right-p534-nnn,16,16,26,3,3,4,4,4,-2,checked,0.0,0.004001686000000504,-4,1/4
challenge-normal-pos-right-p534-uuu,16,16,26,3,3,4,3,14,0,checked,0.004000404000000124,0.003995937000000005,-4,7/8
challenge-normal-pos-right-p534-ddd,16,16,26,3,3,4,3,4,-2,checked,0.0,0.004003538000000084,-4,1/4
challenge-normal-pos-right-p534-zzz,16,16,26,3,3,4,3,4,-2,checked,0.0,0.003998600999999269,-4,1/4
challenge-normal-pos-right-p534-nud,16,16,26,3,3,4,3,7,-1,checked,0.0,0.003999462000000342,-4,7/16
challenge-normal-pos-right-p534-udz,16,16,26,3,3,4,3,4,-2,checked,0.0,0.008000556999999908,-4,1/4
challenge-normal-pos-right-p534-dzn,16,16,26,3,3,4,4,4,-2,checked,0.0,0.003999231999999964,-4,1/4
challenge-normal-pos-right-p534-znu,16,16,26,3,3,4,4,7,-1,checked,0.0,0.004001706000000382,-4,7/16
challenge-normal-pos-balanced-p354-nnn,16,16,22,3,2,4,4,4,-2,checked,0.0,0.003998911000000049,-4,1/4
challenge-normal-pos-balanced-p354-uuu,16,16,22,3,2,4,3,14,0,checked,0.0,0.004000954999999529,-4,7/8
challenge-normal-pos-balanced-p354-ddd,16,16,22,3,2,4,3,4,-2,checked,0.0,0.003997229000000324,-4,1/4
challenge-normal-pos-balanced-p354-zzz,16,16,22,3,2,4,3,4,-2,checked,0.0,0.004008825999999743,-4,1/4
challenge-normal-pos-balanced-p354-nud,16,16,22,3,2,4,4,4,-2,checked,0.003995846999999664,0.003999272000000609,-4,1/4
challenge-normal-pos-balanced-p354-udz,16,16,22,3,2,4,3,7,-1,checked,0.0,0.0039990410000001475,-4,7/16
challenge-normal-pos-balanced-p354-dzn,16,16,22,3,2,4,4,4,-2,checked,0.0,0.003998791999999973,-4,1/4
challenge-normal-pos-balanced-p354-znu,16,16,22,3,2,4,3,6,-1,checked,0.0,0.00400069399999925,-4,3/8
challenge-normal-pos-balanced-p534-nnn,16,16,26,3,2,4,4,4,-2,checked,0.0,0.004000363000000284,-4,1/4
challenge-normal-pos-balanced-p534-uuu,16,16,26,3,2,4,3,14,0,checked,0.0,0.004001285000000188,-4,7/8
challenge-normal-pos-balanced-p534-ddd,16,16,26,3,2,4,3,4,-2,checked,0.0,0.003998380999999718,-4,1/4
challenge-normal-pos-balanced-p534-zzz,16,16,26,3,2,4,3,4,-2,checked,0.0,0.003999541999999856,-4,1/4
challenge-normal-pos-balanced-p534-nud,16,16,26,3,2,4,3,7,-1,checked,0.00407612600000018,0.003921556999999964,-4,7/16
challenge-normal-pos-balanced-p534-udz,16,16,26,3,2,4,3,4,-2,checked,0.0,0.004000995000000174,-4,1/4
challenge-normal-pos-balanced-p534-dzn,16,16,26,3,2,4,4,4,-2,checked,0.0,0.004000442999999798,-4,1/4
challenge-normal-pos-balanced-p534-znu,16,16,26,3,2,4,4,6,-1,checked,0.0,0.004000404000000124,-4,3/8
challenge-normal-neg-left-p354-nnn,16,16,22,3,3,4,4,4,-2,checked,0.0,0.0039986210000000355,-4,1/4
challenge-normal-neg-left-p354-uuu,16,16,22,3,3,4,3,4,-2,checked,0.0,0.004000875000000015,-4,1/4
challenge-normal-neg-left-p354-ddd,16,16,24,3,3,4,3,14,0,checked,0.0,0.004001605000000019,-4,7/8
challenge-normal-neg-left-p354-zzz,16,16,22,3,3,4,3,4,-2,checked,0.0,0.004001775999999957,-4,1/4
challenge-normal-neg-left-p354-nud,16,16,22,3,3,4,4,7,-1,checked,0.003998490999999937,0.003998611000000096,-4,7/16
challenge-normal-neg-left-p354-udz,16,16,24,3,3,4,3,4,-2,checked,0.0,0.0040009740000002125,-4,1/4
challenge-normal-neg-left-p354-dzn,16,16,28,3,3,4,4,7,-1,checked,0.0,0.004125348999999723,-4,7/16
challenge-normal-neg-left-p354-znu,16,16,22,3,3,4,3,4,-2,checked,0.0,0.003874898000000293,-4,1/4
challenge-normal-neg-left-p534-nnn,16,16,26,3,3,4,4,4,-2,checked,0.0040256510000000745,0.003973152999999563,-4,1/4
challenge-normal-neg-left-p534-uuu,16,16,26,3,3,4,3,4,-2,checked,0.0,0.0039992220000000245,-4,1/4
challenge-normal-neg-left-p534-ddd,16,16,26,3,3,4,3,14,0,checked,0.0,0.003999422000000585,-4,7/8
challenge-normal-neg-left-p534-zzz,16,16,26,3,3,4,3,4,-2,checked,0.0,0.004001354999999762,-4,1/4
challenge-normal-neg-left-p534-nud,16,16,26,3,3,4,3,7,-1,checked,0.0,0.0040007239999999555,-4,7/16
challenge-normal-neg-left-p534-udz,16,16,26,3,3,4,3,7,-1,checked,0.0,0.007999786000000064,-4,7/16
challenge-normal-neg-left-p534-dzn,16,16,26,3,3,4,4,4,-2,checked,0.0,0.003999321999999417,-4,1/4
challenge-normal-neg-left-p534-znu,16,16,26,3,3,4,4,4,-2,checked,0.0,0.003999663000000098,-4,1/4
challenge-normal-neg-midleft-p354-nnn,16,16,22,3,3,4,4,4,-2,checked,0.0,0.003999933000000233,-4,1/4
challenge-normal-neg-midleft-p354-uuu,16,16,22,3,3,4,3,4,-2,checked,0.0,0.004000193000000429,-4,1/4
challenge-normal-neg-midleft-p354-ddd,16,16,24,3,3,4,3,14,0,checked,0.0,0.0040028669999996325,-4,7/8
challenge-normal-neg-midleft-p354-zzz,16,16,22,3,3,4,3,4,-2,checked,0.003999463000000425,0.003995966999999823,-4,1/4
challenge-normal-neg-midleft-p354-nud,16,16,22,3,3,4,4,7,-1,checked,0.0,0.0040006439999995536,-4,7/16
challenge-normal-neg-midleft-p354-udz,16,16,24,3,3,4,3,4,-2,checked,0.0,0.004001265000000309,-4,1/4
challenge-normal-neg-midleft-p354-dzn,16,16,28,3,3,4,4,7,-1,checked,0.0,0.003999332000000244,-4,7/16
challenge-normal-neg-midleft-p354-znu,16,16,22,3,3,4,3,4,-2,checked,0.0,0.004003388000000108,-4,1/4
challenge-normal-neg-midleft-p534-nnn,16,16,26,3,3,4,4,4,-2,checked,0.004001084999999627,0.0039968579999998255,-4,1/4
challenge-normal-neg-midleft-p534-uuu,16,16,26,3,3,4,3,4,-2,checked,0.0,0.003999212000000085,-4,1/4
challenge-normal-neg-midleft-p534-ddd,16,16,26,3,3,4,3,14,0,checked,0.0,0.004000012999999747,-4,7/8
challenge-normal-neg-midleft-p534-zzz,16,16,26,3,3,4,3,4,-2,checked,0.0,0.00400125500000037,-4,1/4
challenge-normal-neg-midleft-p534-nud,16,16,26,3,3,4,3,7,-1,checked,0.0,0.004150735999999711,-4,7/16
challenge-normal-neg-midleft-p534-udz,16,16,26,3,3,4,3,7,-1,checked,0.0,0.0038509730000004794,-4,7/16
challenge-normal-neg-midleft-p534-dzn,16,16,26,3,3,4,4,4,-2,checked,0.004000603999999797,0.003996306999999533,-4,1/4
challenge-normal-neg-midleft-p534-znu,16,16,26,3,3,4,4,4,-2,checked,0.0,0.004018661000000812,-4,1/4
challenge-normal-neg-midright-p354-nnn,16,16,22,3,3,4,4,4,-2,checked,0.0,0.0039816759999995455,-4,1/4
challenge-normal-neg-midright-p354-uuu,16,16,22,3,3,4,3,4,-2,checked,0.0,0.003998911000000049,-4,1/4
challenge-normal-neg-midright-p354-ddd,16,16,24,3,3,4,3,14,0,checked,0.004005612000000269,0.003995595999999324,-4,7/8
challenge-normal-neg-midright-p354-zzz,16,16,22,3,3,4,3,4,-2,checked,0.0,0.003999553000000766,-4,1/4
challenge-normal-neg-midright-p354-nud,16,16,22,3,3,4,4,7,-1,checked,0.0,0.0040014149999993975,-4,7/16
challenge-normal-neg-midright-p354-udz,16,16,24,3,3,4,3,4,-2,checked,0.0,0.004000954000000334,-4,1/4
challenge-normal-neg-midright-p354-dzn,16,16,28,3,3,4,4,7,-1,checked,0.0,0.003998500999999877,-4,7/16
challenge-normal-neg-midright-p354-znu,16,16,22,3,3,4,3,4,-2,checked,0.004001194999999846,0.003998110000000388,-4,1/4
challenge-normal-neg-midright-p534-nnn,16,16,26,3,3,4,4,4,-2,checked,0.0,0.003999772999999429,-4,1/4
challenge-normal-neg-midright-p534-uuu,16,16,26,3,3,4,3,4,-2,checked,0.0,0.004129344999999951,-4,1/4
challenge-normal-neg-midright-p534-ddd,16,16,26,3,3,4,3,14,0,checked,0.0,0.007870704000000117,-4,7/8
challenge-normal-neg-midright-p534-zzz,16,16,26,3,3,4,3,4,-2,checked,0.0,0.003999883000000537,-4,1/4
challenge-normal-neg-midright-p534-nud,16,16,26,3,3,4,3,7,-1,checked,0.0,0.00400197599999963,-4,7/16
challenge-normal-neg-midright-p534-udz,16,16,26,3,3,4,3,7,-1,checked,0.0,0.004000945000000478,-4,7/16
challenge-normal-neg-midright-p534-dzn,16,16,26,3,3,4,4,4,-2,checked,0.004002716999999656,0.003994744999999966,-4,1/4
challenge-normal-neg-midright-p534-znu,16,16,26,3,3,4,4,4,-2,checked,0.0,0.00399883199999973,-4,1/4
challenge-normal-neg-right-p354-nnn,16,16,22,3,3,4,4,4,-2,checked,0.0,0.004001815000000519,-4,1/4
challenge-normal-neg-right-p354-uuu,16,16,22,3,3,4,3,4,-2,checked,0.0,0.004000254000000147,-4,1/4
challenge-normal-neg-right-p354-ddd,16,16,24,3,3,4,3,14,0,checked,0.0,0.004001594999999192,-4,7/8
challenge-normal-neg-right-p354-zzz,16,16,22,3,3,4,3,4,-2,checked,0.004002527000000811,0.003998490999999937,-4,1/4
challenge-normal-neg-right-p354-nud,16,16,22,3,3,4,4,7,-1,checked,0.0,0.003996818000000069,-4,7/16
challenge-normal-neg-right-p354-udz,16,16,24,3,3,4,3,4,-2,checked,0.0,0.004000032999999625,-4,1/4
challenge-normal-neg-right-p354-dzn,16,16,28,3,3,4,4,7,-1,checked,0.0,0.0040022369999999086,-4,7/16
challenge-normal-neg-right-p354-znu,16,16,22,3,3,4,3,4,-2,checked,0.0,0.007998404000000292,-4,1/4
challenge-normal-neg-right-p534-nnn,16,16,26,3,3,4,4,4,-2,checked,0.0,0.003999181000000185,-4,1/4
challenge-normal-neg-right-p534-uuu,16,16,26,3,3,4,3,4,-2,checked,0.0,0.004001935999999873,-4,1/4
challenge-normal-neg-right-p534-ddd,16,16,26,3,3,4,3,14,0,checked,0.0,0.003998951999999889,-4,7/8
challenge-normal-neg-right-p534-zzz,16,16,26,3,3,4,3,4,-2,checked,0.0,0.004000282999999882,-4,1/4
challenge-normal-neg-right-p534-nud,16,16,26,3,3,4,3,7,-1,checked,0.0,0.004001275000000248,-4,7/16
challenge-normal-neg-right-p534-udz,16,16,26,3,3,4,3,7,-1,checked,0.0,0.003999472999999476,-4,7/16
challenge-normal-neg-right-p534-dzn,16,16,26,3,3,4,4,4,-2,checked,0.0,0.004000784000000479,-4,1/4
challenge-normal-neg-right-p534-znu,16,16,26,3,3,4,4,4,-2,checked,0.0,0.004000714000000016,-4,1/4
challenge-normal-neg-balanced-p354-nnn,16,16,22,3,2,4,4,4,-2,checked,0.004000844000000114,0.003999932999999345,-4,1/4
challenge-normal-neg-balanced-p354-uuu,16,16,22,3,2,4,3,4,-2,checked,0.0,0.007997303000000677,-4,1/4
challenge-normal-neg-balanced-p354-ddd,16,16,22,3,2,4,3,14,0,checked,0.0,0.0039988809999993435,-4,7/8
challenge-normal-neg-balanced-p354-zzz,16,16,22,3,2,4,3,4,-2,checked,0.0,0.003999943000000172,-4,1/4
challenge-normal-neg-balanced-p354-nud,16,16,22,3,2,4,4,6,-1,checked,0.0,0.004002727000000483,-4,3/8
challenge-normal-neg-balanced-p354-udz,16,16,22,3,2,4,3,4,-2,checked,0.0,0.0040020159999993865,-4,1/4
challenge-normal-neg-balanced-p354-dzn,16,16,28,3,2,4,4,7,-1,checked,0.00399683900000003,0.003999462000000342,-4,7/16
challenge-normal-neg-balanced-p354-znu,16,16,22,3,2,4,3,4,-2,checked,0.0,0.004001565000000262,-4,1/4
challenge-normal-neg-balanced-p534-nnn,16,16,26,3,2,4,4,4,-2,checked,0.0,0.0039970389999997025,-4,1/4
challenge-normal-neg-balanced-p534-uuu,16,16,26,3,2,4,3,4,-2,checked,0.004003057000000254,0.0,-4,1/4
challenge-normal-neg-balanced-p534-ddd,16,16,26,3,2,4,3,14,0,checked,0.003999692999999915,0.004115033999999795,-4,7/8
challenge-normal-neg-balanced-p534-zzz,16,16,26,3,2,4,3,4,-2,checked,0.0,0.003883519999999585,-4,1/4
challenge-normal-neg-balanced-p534-nud,16,16,26,3,2,4,3,6,-1,checked,0.0,0.004000524000000283,-4,3/8
challenge-normal-neg-balanced-p534-udz,16,16,26,3,2,4,3,7,-1,checked,0.0,0.004001605000000019,-4,7/16
challenge-normal-neg-balanced-p534-dzn,16,16,26,3,2,4,4,4,-2,checked,0.0,0.007997912999999635,-4,1/4
challenge-normal-neg-balanced-p534-znu,16,16,26,3,2,4,4,4,-2,checked,0.0,0.004002097000000759,-4,1/4
challenge-subnormal-pos-left-p354-nnn,16,16,32,3,3,4,3,2,-5,checked,0.004000292999999822,0.0,-6,1/32
challenge-subnormal-pos-left-p354-uuu,16,16,24,3,3,4,2,3,-4,checked,0.0,0.004001204999999786,-6,3/64
challenge-subnormal-pos-left-p354-ddd,16,16,24,3,3,4,2,4,-4,checked,0.0,0.004013393000000143,-6,1/16
challenge-subnormal-pos-left-p354-zzz,16,16,24,3,3,4,2,4,-4,checked,0.0,0.004545479999999991,-6,1/16
challenge-subnormal-pos-left-p354-nud,16,16,32,3,3,4,3,3,-4,checked,0.0,0.0033129149999995278,-6,3/64
challenge-subnormal-pos-left-p354-udz,16,16,24,3,3,4,2,2,-5,checked,0.0,0.003999182000000268,-6,1/32
challenge-subnormal-pos-left-p354-dzn,16,16,24,3,3,4,2,3,-4,checked,0.0,0.004002347000000128,-6,3/64
challenge-subnormal-pos-left-p354-znu,16,16,24,3,3,4,2,3,-4,checked,0.0,0.0,-6,3/64
challenge-subnormal-pos-left-p534-nnn,16,16,32,3,3,4,3,2,-5,checked,0.0039984799999999154,0.0,-6,1/32
challenge-subnormal-pos-left-p534-uuu,16,16,30,3,3,4,2,4,-4,checked,0.0,0.004002017000000357,-6,1/16
challenge-subnormal-pos-left-p534-ddd,16,16,30,3,3,4,2,4,-4,checked,0.0,0.003998720999999428,-6,1/16
challenge-subnormal-pos-left-p534-zzz,16,16,30,3,3,4,2,4,-4,checked,0.0,0.003998780999999951,-6,1/16
challenge-subnormal-pos-left-p534-nud,16,16,30,3,3,4,2,3,-4,checked,0.0,0.0,-6,3/64
challenge-subnormal-pos-left-p534-udz,16,16,30,3,3,4,2,4,-4,checked,0.004004129000000134,0.0,-6,1/16
challenge-subnormal-pos-left-p534-dzn,16,16,30,3,3,4,2,4,-4,checked,0.0,0.00399986299999977,-6,1/16
challenge-subnormal-pos-left-p534-znu,16,16,32,3,3,4,3,3,-4,checked,0.0,0.003996378000000078,-6,3/64
challenge-subnormal-pos-midleft-p354-nnn,16,16,32,3,3,4,3,2,-5,checked,0.0,0.004001545000000384,-6,1/32
challenge-subnormal-pos-midleft-p354-uuu,16,16,24,3,3,4,2,3,-4,checked,0.0,0.0,-6,3/64
challenge-subnormal-pos-midleft-p354-ddd,16,16,24,3,3,4,2,4,-4,checked,0.0,0.005079472000000251,-6,1/16
challenge-subnormal-pos-midleft-p354-zzz,16,16,24,3,3,4,2,4,-4,checked,0.0,0.0028841310000000675,-6,1/16
challenge-subnormal-pos-midleft-p354-nud,16,16,32,3,3,4,3,3,-4,checked,0.0,0.0,-6,3/64
challenge-subnormal-pos-midleft-p354-udz,16,16,24,3,3,4,2,2,-5,checked,0.003998911000000049,0.0,-6,1/32
challenge-subnormal-pos-midleft-p354-dzn,16,16,24,3,3,4,2,3,-4,checked,0.0,0.004001766000000018,-6,3/64
challenge-subnormal-pos-midleft-p354-znu,16,16,24,3,3,4,2,3,-4,checked,0.0,0.003999882999999649,-6,3/64
challenge-subnormal-pos-midleft-p534-nnn,16,16,32,3,3,4,3,2,-5,checked,0.0,0.0,-6,1/32
challenge-subnormal-pos-midleft-p534-uuu,16,16,30,3,3,4,2,4,-4,checked,0.003998820999999708,0.0,-6,1/16
challenge-subnormal-pos-midleft-p534-ddd,16,16,30,3,3,4,2,4,-4,checked,0.0,0.00400324800000007,-6,1/16
challenge-subnormal-pos-midleft-p534-zzz,16,16,30,3,3,4,2,4,-4,checked,0.004004059000000559,0.0,-6,1/16
challenge-subnormal-pos-midleft-p534-nud,16,16,30,3,3,4,2,3,-4,checked,0.0,0.004918452999999268,-6,3/64
challenge-subnormal-pos-midleft-p534-udz,16,16,30,3,3,4,2,4,-4,checked,0.0,0.0030761049999998846,-6,1/16
challenge-subnormal-pos-midleft-p534-dzn,16,16,30,3,3,4,2,4,-4,checked,0.0,0.0039985310000005825,-6,1/16
challenge-subnormal-pos-midleft-p534-znu,16,16,32,3,3,4,3,3,-4,checked,0.0,0.0,-6,3/64
challenge-subnormal-pos-midright-p354-nnn,16,16,32,3,3,4,3,2,-5,checked,0.0,0.004002215999999947,-6,1/32
challenge-subnormal-pos-midright-p354-uuu,16,16,24,3,3,4,2,3,-4,checked,0.0,0.004002467000000287,-6,3/64
challenge-subnormal-pos-midright-p354-ddd,16,16,24,3,3,4,2,4,-4,checked,0.0,0.0,-6,1/16
challenge-subnormal-pos-midright-p354-zzz,16,16,24,3,3,4,2,4,-4,checked,0.004002356999999179,0.0,-6,1/16
challenge-subnormal-pos-midright-p354-nud,16,16,32,3,3,4,3,3,-4,checked,0.0,0.003997719000000011,-6,3/64
challenge-subnormal-pos-midright-p354-udz,16,16,24,3,3,4,2,2,-5,checked,0.0,0.003995557000000538,-6,1/32
challenge-subnormal-pos-midright-p354-dzn,16,16,24,3,3,4,2,3,-4,checked,0.0,0.0,-6,3/64
challenge-subnormal-pos-midright-p354-znu,16,16,24,3,3,4,2,3,-4,checked,0.0,0.004005170000000113,-6,3/64
challenge-subnormal-pos-midright-p534-nnn,16,16,32,3,3,4,3,2,-5,checked,0.0,0.003996689000000053,-6,1/32
challenge-subnormal-pos-midright-p534-uuu,16,16,30,3,3,4,2,4,-4,checked,0.0,0.00399787000000007,-6,1/16
challenge-subnormal-pos-midright-p534-ddd,16,16,30,3,3,4,2,4,-4,checked,0.0,0.004003026999999548,-6,1/16
challenge-subnormal-pos-midright-p534-zzz,16,16,30,3,3,4,2,4,-4,checked,0.0,0.0039999530000001116,-6,1/16
challenge-subnormal-pos-midright-p534-nud,16,16,30,3,3,4,2,3,-4,checked,0.0,0.00399987299999971,-6,3/64
challenge-subnormal-pos-midright-p534-udz,16,16,30,3,3,4,2,4,-4,checked,0.0,0.0,-6,1/16
challenge-subnormal-pos-midright-p534-dzn,16,16,30,3,3,4,2,4,-4,checked,0.0,0.004003348000000351,-6,1/16
challenge-subnormal-pos-midright-p534-znu,16,16,32,3,3,4,3,3,-4,checked,0.0,0.003993944000000305,-6,3/64
challenge-subnormal-pos-right-p354-nnn,16,16,32,3,3,4,3,2,-5,checked,0.0,0.003999512999999233,-6,1/32
challenge-subnormal-pos-right-p354-uuu,16,16,24,3,3,4,2,3,-4,checked,0.0,0.004000443000000686,-6,3/64
challenge-subnormal-pos-right-p354-ddd,16,16,24,3,3,4,2,4,-4,checked,0.0,0.0,-6,1/16
challenge-subnormal-pos-right-p354-zzz,16,16,24,3,3,4,2,4,-4,checked,0.0,0.004005120999999612,-6,1/16
challenge-subnormal-pos-right-p354-nud,16,16,32,3,3,4,3,3,-4,checked,0.0,0.003996727999999727,-6,3/64
challenge-subnormal-pos-right-p354-udz,16,16,24,3,3,4,2,2,-5,checked,0.0,0.003998571000000339,-6,1/32
challenge-subnormal-pos-right-p354-dzn,16,16,24,3,3,4,2,3,-4,checked,0.0,0.0,-6,3/64
challenge-subnormal-pos-right-p354-znu,16,16,24,3,3,4,2,3,-4,checked,0.004001685999999616,0.0,-6,3/64
challenge-subnormal-pos-right-p534-nnn,16,16,32,3,3,4,3,2,-5,checked,0.0,0.003998179999999962,-6,1/32
challenge-subnormal-pos-right-p534-uuu,16,16,30,3,3,4,2,4,-4,checked,0.0,0.003999462000000342,-6,1/16
challenge-subnormal-pos-right-p534-ddd,16,16,30,3,3,4,2,4,-4,checked,0.0,0.0,-6,1/16
challenge-subnormal-pos-right-p534-zzz,16,16,30,3,3,4,2,4,-4,checked,0.0040026969999997775,0.0,-6,1/16
challenge-subnormal-pos-right-p534-nud,16,16,30,3,3,4,2,3,-4,checked,0.0,0.003997350000000566,-6,3/64
challenge-subnormal-pos-right-p534-udz,16,16,30,3,3,4,2,4,-4,checked,0.0,0.003999581999999613,-6,1/16
challenge-subnormal-pos-right-p534-dzn,16,16,30,3,3,4,2,4,-4,checked,0.0,0.0,-6,1/16
challenge-subnormal-pos-right-p534-znu,16,16,32,3,3,4,3,3,-4,checked,0.00400266699999996,0.0,-6,3/64
challenge-subnormal-pos-balanced-p354-nnn,16,16,30,3,2,4,3,2,-5,checked,0.0,0.003998340999999961,-6,1/32
challenge-subnormal-pos-balanced-p354-uuu,16,16,23,3,2,4,2,3,-4,checked,0.0,0.004001163999999946,-6,3/64
challenge-subnormal-pos-balanced-p354-ddd,16,16,23,3,2,4,2,4,-4,checked,0.0,0.0,-6,1/16
challenge-subnormal-pos-balanced-p354-zzz,16,16,23,3,2,4,2,4,-4,checked,0.004001935999999873,0.0,-6,1/16
challenge-subnormal-pos-balanced-p354-nud,16,16,30,3,2,4,3,3,-4,checked,0.0,0.004009087000000022,-6,3/64
challenge-subnormal-pos-balanced-p354-udz,16,16,23,3,2,4,2,2,-5,checked,0.0,0.0,-6,1/32
challenge-subnormal-pos-balanced-p354-dzn,16,16,23,3,2,4,2,3,-4,checked,0.003980855000000005,0.0,-6,3/64
challenge-subnormal-pos-balanced-p354-znu,16,16,23,3,2,4,2,3,-4,checked,0.0,0.0040046700000004876,-6,3/64
challenge-subnormal-pos-balanced-p534-nnn,16,16,34,3,2,4,3,2,-5,checked,0.0,0.003995566999999589,-6,1/32
challenge-subnormal-pos-balanced-p534-uuu,16,16,31,3,2,4,2,3,-4,checked,0.0,0.003999712000000599,-6,3/64
challenge-subnormal-pos-balanced-p534-ddd,16,16,31,3,2,4,2,4,-4,checked,0.0,0.0,-6,1/16
challenge-subnormal-pos-balanced-p534-zzz,16,16,31,3,2,4,2,4,-4,checked,0.0040015059999998215,0.0,-6,1/16
challenge-subnormal-pos-balanced-p534-nud,16,16,31,3,2,4,2,2,-5,checked,0.0,0.003999571999999674,-6,1/32
challenge-subnormal-pos-balanced-p534-udz,16,16,31,3,2,4,2,4,-4,checked,0.0,0.0039977699999997895,-6,1/16
challenge-subnormal-pos-balanced-p534-dzn,16,16,31,3,2,4,2,3,-4,checked,0.0,0.004000724000000844,-6,3/64
challenge-subnormal-pos-balanced-p534-znu,16,16,34,3,2,4,3,2,-5,checked,0.0,0.0,-6,1/32
challenge-subnormal-neg-left-p354-nnn,16,16,32,3,3,4,3,2,-5,checked,0.0,0.0040009339999995674,-6,1/32
challenge-subnormal-neg-left-p354-uuu,16,16,24,3,3,4,2,4,-4,checked,0.0,0.004000313999999783,-6,1/16
challenge-subnormal-neg-left-p354-ddd,16,16,24,3,3,4,2,3,-4,checked,0.0,0.003999032000000291,-6,3/64
challenge-subnormal-neg-left-p354-zzz,16,16,24,3,3,4,2,4,-4,checked,0.0,0.0,-6,1/16
challenge-subnormal-neg-left-p354-nud,16,16,32,3,3,4,3,2,-5,checked,0.0,0.004003777999999514,-6,1/32
challenge-subnormal-neg-left-p354-udz,16,16,24,3,3,4,2,4,-4,checked,0.0,0.004008566000000435,-6,1/16
challenge-subnormal-neg-left-p354-dzn,16,16,24,3,3,4,2,3,-4,checked,0.0,0.00397763999999956,-6,3/64
challenge-subnormal-neg-left-p354-znu,16,16,24,3,3,4,2,4,-4,checked,0.0,0.0,-6,1/16
challenge-subnormal-neg-left-p534-nnn,16,16,32,3,3,4,3,2,-5,checked,0.0,0.00400356800000079,-6,1/32
challenge-subnormal-neg-left-p534-uuu,16,16,30,3,3,4,2,4,-4,checked,0.0,0.003997508999999511,-6,1/16
challenge-subnormal-neg-left-p534-ddd,16,16,30,3,3,4,2,4,-4,checked,0.0,0.0039998230000000135,-6,1/16
challenge-subnormal-neg-left-p534-zzz,16,16,30,3,3,4,2,4,-4,checked,0.0,0.0,-6,1/16
challenge-subnormal-neg-left-p534-nud,16,16,30,3,3,4,2,3,-4,checked,0.0,0.004001826000000541,-6,3/64
challenge-subnormal-neg-left-p534-udz,16,16,30,3,3,4,2,3,-4,checked,0.0,0.003997058999999581,-6,3/64
challenge-subnormal-neg-left-p534-dzn,16,16,30,3,3,4,2,4,-4,checked,0.0,0.004000873999999932,-6,1/16
challenge-subnormal-neg-left-p534-znu,16,16,32,3,3,4,3,2,-5,checked,0.0,0.0,-6,1/32
challenge-subnormal-neg-midleft-p354-nnn,16,16,32,3,3,4,3,2,-5,checked,0.0,0.004001285000000188,-6,1/32
challenge-subnormal-neg-midleft-p354-uuu,16,16,24,3,3,4,2,4,-4,checked,0.0,0.003998810999999769,-6,1/16
challenge-subnormal-neg-midleft-p354-ddd,16,16,24,3,3,4,2,3,-4,checked,0.0,0.003999032000000291,-6,3/64
challenge-subnormal-neg-midleft-p354-zzz,16,16,24,3,3,4,2,4,-4,checked,0.0,0.0,-6,1/16
challenge-subnormal-neg-midleft-p354-nud,16,16,32,3,3,4,3,2,-5,checked,0.004003518000000206,0.0,-6,1/32
challenge-subnormal-neg-midleft-p354-udz,16,16,24,3,3,4,2,4,-4,checked,0.0,0.004064308999999433,-6,1/16
challenge-subnormal-neg-midleft-p354-dzn,16,16,24,3,3,4,2,3,-4,checked,0.0,0.003930539999999816,-6,3/64
challenge-subnormal-neg-midleft-p354-znu,16,16,24,3,3,4,2,4,-4,checked,0.0,0.0,-6,1/16
challenge-subnormal-neg-midleft-p534-nnn,16,16,32,3,3,4,3,2,-5,checked,0.004003208000000313,0.0,-6,1/32
challenge-subnormal-neg-midleft-p534-uuu,16,16,30,3,3,4,2,4,-4,checked,0.0,0.004122244000000386,-6,1/16
challenge-subnormal-neg-midleft-p534-ddd,16,16,30,3,3,4,2,4,-4,checked,0.0,0.003884250999999672,-6,1/16
challenge-subnormal-neg-midleft-p534-zzz,16,16,30,3,3,4,2,4,-4,checked,0.0,0.0039797029999997235,-6,1/16
challenge-subnormal-neg-midleft-p534-nud,16,16,30,3,3,4,2,3,-4,checked,0.0,0.0,-6,3/64
challenge-subnormal-neg-midleft-p534-udz,16,16,30,3,3,4,2,3,-4,checked,0.004001395000000407,0.0,-6,3/64
challenge-subnormal-neg-midleft-p534-dzn,16,16,30,3,3,4,2,4,-4,checked,0.0,0.003999612999999513,-6,1/16
challenge-subnormal-neg-midleft-p534-znu,16,16,32,3,3,4,3,2,-5,checked,0.003997179000000628,0.0,-6,1/32
challenge-subnormal-neg-midright-p354-nnn,16,16,32,3,3,4,3,2,-5,checked,0.004044818999999755,0.0039567390000003755,-6,1/32
challenge-subnormal-neg-midright-p354-uuu,16,16,24,3,3,4,2,4,-4,checked,0.0,0.0,-6,1/16
challenge-subnormal-neg-midright-p354-ddd,16,16,24,3,3,4,2,3,-4,checked,0.0,0.004001945999999812,-6,3/64
challenge-subnormal-neg-midright-p354-zzz,16,16,24,3,3,4,2,4,-4,checked,0.0,0.0039971190000001044,-6,1/16
challenge-subnormal-neg-midright-p354-nud,16,16,32,3,3,4,3,2,-5,checked,0.0,0.004000052999999504,-6,1/32
challenge-subnormal-neg-midright-p354-udz,16,16,24,3,3,4,2,4,-4,checked,0.0,0.004127021000000397,-6,1/16
challenge-subnormal-neg-midright-p354-dzn,16,16,24,3,3,4,2,3,-4,checked,0.0,0.0,-6,3/64
challenge-subnormal-neg-midright-p354-znu,16,16,24,3,3,4,2,4,-4,checked,0.0038760499999996867,0.0,-6,1/16
challenge-subnormal-neg-midright-p534-nnn,16,16,32,3,3,4,3,2,-5,checked,0.0,0.0040004129999999805,-6,1/32
challenge-subnormal-neg-midright-p534-uuu,16,16,30,3,3,4,2,4,-4,checked,0.0,0.00399742000000014,-6,1/16
challenge-subnormal-neg-midright-p534-ddd,16,16,30,3,3,4,2,4,-4,checked,0.0,0.003999001000000391,-6,1/16
challenge-subnormal-neg-midright-p534-zzz,16,16,30,3,3,4,2,4,-4,checked,0.0,0.004003547999999135,-6,1/16
challenge-subnormal-neg-midright-p534-nud,16,16,30,3,3,4,2,3,-4,checked,0.0,0.0,-6,3/64
challenge-subnormal-neg-midright-p534-udz,16,16,30,3,3,4,2,3,-4,checked,0.0,0.003998241000000569,-6,3/64
challenge-subnormal-neg-midright-p534-dzn,16,16,30,3,3,4,2,4,-4,checked,0.0,0.003998891000000171,-6,1/16
challenge-subnormal-neg-midright-p534-znu,16,16,32,3,3,4,3,2,-5,checked,0.0,0.003999301999999538,-6,1/32
challenge-subnormal-neg-right-p354-nnn,16,16,32,3,3,4,3,2,-5,checked,0.0,0.0,-6,1/32
challenge-subnormal-neg-right-p354-uuu,16,16,24,3,3,4,2,4,-4,checked,0.00400314799999979,0.0,-6,1/16
challenge-subnormal-neg-right-p354-ddd,16,16,24,3,3,4,2,3,-4,checked,0.0,0.003998401000000484,-6,3/64
challenge-subnormal-neg-right-p354-zzz,16,16,24,3,3,4,2,4,-4,checked,0.0,0.003999342000000183,-6,1/16
challenge-subnormal-neg-right-p354-nud,16,16,32,3,3,4,3,2,-5,checked,0.0,0.0,-6,1/32
challenge-subnormal-neg-right-p354-udz,16,16,24,3,3,4,2,4,-4,checked,0.004003898999999755,0.0,-6,1/16
challenge-subnormal-neg-right-p354-dzn,16,16,24,3,3,4,2,3,-4,checked,0.0,0.003995737000000332,-6,3/64
challenge-subnormal-neg-right-p354-znu,16,16,24,3,3,4,2,4,-4,checked,0.0,0.003999190999999236,-6,1/16
challenge-subnormal-neg-right-p534-nnn,16,16,32,3,3,4,3,2,-5,checked,0.0,0.0,-6,1/32
challenge-subnormal-neg-right-p534-uuu,16,16,30,3,3,4,2,4,-4,checked,0.004004711000000327,0.0,-6,1/16
challenge-subnormal-neg-right-p534-ddd,16,16,30,3,3,4,2,4,-4,checked,0.0,0.003997519000000338,-6,1/16
challenge-subnormal-neg-right-p534-zzz,16,16,30,3,3,4,2,4,-4,checked,0.0,0.004001805999999775,-6,1/16
challenge-subnormal-neg-right-p534-nud,16,16,30,3,3,4,2,3,-4,checked,0.0,0.003996928000000288,-6,3/64
challenge-subnormal-neg-right-p534-udz,16,16,30,3,3,4,2,3,-4,checked,0.0,0.0,-6,3/64
challenge-subnormal-neg-right-p534-dzn,16,16,30,3,3,4,2,4,-4,checked,0.004002376999999946,0.0,-6,1/16
challenge-subnormal-neg-right-p534-znu,16,16,32,3,3,4,3,2,-5,checked,0.0,0.003999652000000076,-6,1/32
challenge-subnormal-neg-balanced-p354-nnn,16,16,30,3,2,4,3,2,-5,checked,0.0,0.003998991999999646,-6,1/32
challenge-subnormal-neg-balanced-p354-uuu,16,16,23,3,2,4,2,4,-4,checked,0.0,0.0040000730000002704,-6,1/16
challenge-subnormal-neg-balanced-p354-ddd,16,16,23,3,2,4,2,3,-4,checked,0.0,0.004000964999999468,-6,3/64
challenge-subnormal-neg-balanced-p354-zzz,16,16,23,3,2,4,2,4,-4,checked,0.0,0.003999021000000269,-6,1/16
challenge-subnormal-neg-balanced-p354-nud,16,16,30,3,2,4,3,2,-5,checked,0.0,0.003998611000000096,-6,1/32
challenge-subnormal-neg-balanced-p354-udz,16,16,23,3,2,4,2,4,-4,checked,0.0,0.0,-6,1/16
challenge-subnormal-neg-balanced-p354-dzn,16,16,23,3,2,4,2,3,-4,checked,0.0,0.004003669000000265,-6,3/64
challenge-subnormal-neg-balanced-p354-znu,16,16,23,3,2,4,2,4,-4,checked,0.0,0.003997528999999389,-6,1/16
challenge-subnormal-neg-balanced-p534-nnn,16,16,34,3,2,4,3,2,-5,checked,0.0,0.0,-6,1/32
challenge-subnormal-neg-balanced-p534-uuu,16,16,31,3,2,4,2,4,-4,checked,0.004002407000000652,0.0,-6,1/16
challenge-subnormal-neg-balanced-p534-ddd,16,16,31,3,2,4,2,3,-4,checked,0.0,0.0039987909999998905,-6,3/64
challenge-subnormal-neg-balanced-p534-zzz,16,16,31,3,2,4,2,4,-4,checked,0.0,0.00399809999999956,-6,1/16
challenge-subnormal-neg-balanced-p534-nud,16,16,31,3,2,4,2,3,-4,checked,0.0,0.0,-6,3/64
challenge-subnormal-neg-balanced-p534-udz,16,16,31,3,2,4,2,2,-5,checked,0.004003328000000472,0.0,-6,1/32
challenge-subnormal-neg-balanced-p534-dzn,16,16,31,3,2,4,2,3,-4,checked,0.0,0.003999181999999379,-6,3/64
challenge-subnormal-neg-balanced-p534-znu,16,16,34,3,2,4,3,3,-4,checked,0.0,0.0039992620000006696,-6,3/64
